annot_name	trait1	trait2	rho	rho_corrected	se_rho	pvalue	pvalue_corrected	corr	corr_corrected	h2_1	h2_2	p	p0
ALL_	Yengo2018bmi	covidhgi2020A2v5alleur	0.00472385842325	0.0041073366991	6.01922076003e-4	4.22869958782e-15	8.87240143445e-12	0.2395018754	0.208243929897	0.188923051041	0.00205916410252	912621	912621
ALL_	Yengo2018bmi	covidhgi2020B2v5alleur	0.00575765424367	0.00511515775587	5.48381570171e-4	8.69698951136e-26	1.08157824785e-20	0.347490255949	0.308713827295	0.188903250567	0.00145333746586	911231	911231
ALL_	Yengo2018bmi	covidhgi2020C2v5alleur	0.00455355552591	0.00375810475382	5.75141774898e-4	2.42772641066e-15	6.39405113994e-11	0.226248662989	0.186725773099	0.18930252309	0.00213979825069	928372	928372
ALL_	Yengo2018bmi	covidhgi2020A2v5alleurLeaveUKBB	0.00506596167124	0.00458041513752	6.78023429657e-4	7.91883974276e-14	1.42303172136e-11	0.226543131998	0.204830130673	0.188805906814	0.00264853929848	911870	911870
ALL_	Yengo2018bmi	covidhgi2020B2v5alleurLeaveUKBB	0.00474261339615	0.00453321524521	6.72632716957e-4	1.77864214814e-12	1.58921133035e-11	0.252939858335	0.241771935882	0.188778286686	0.0018622966636	909149	909149
ALL_	Yengo2018bmi	covidhgi2020C2v5alleurLeaveUKBB	0.0027762914636	0.00231640629662	6.23530344756e-4	8.48619073726e-6	2.03215209055e-4	0.137991248333	0.115133371516	0.189259821696	0.00213879225076	924832	924832
ALL_	Mahajan2018t2d	covidhgi2020A2v5alleur	0.0025303339451	0.00267121204846	3.91316842271e-4	1.00496384569e-10	8.71855590763e-12	0.228324628613	0.241036761211	0.0562928725142	0.00218170864832	1045391	1045391
ALL_	Mahajan2018t2d	covidhgi2020B2v5alleur	0.0030359713734	0.00278582566908	3.35480745027e-4	1.43474117291e-19	1.00679910112e-16	0.328402868332	0.30134445549	0.0562399285132	0.00151962594968	1042705	1042705
ALL_	Mahajan2018t2d	covidhgi2020C2v5alleur	0.00202935256884	0.00133429990476	3.93111123685e-4	2.43950469249e-7	6.88280449018e-4	0.179246551653	0.11785465989	0.056249149806	0.00227875392492	1062616	1062616
ALL_	Mahajan2018t2d	covidhgi2020A2v5alleurLeaveUKBB	0.00294924153488	0.0035494946456	4.32663514031e-4	9.329919166e-12	2.32861956816e-16	0.234473640599	0.282195582152	0.0562441555483	0.00281290606311	1044131	1044131
ALL_	Mahajan2018t2d	covidhgi2020B2v5alleurLeaveUKBB	0.00293674005529	0.00345898342802	4.5177451841e-4	8.00772898258e-11	1.91161510933e-14	0.278380059741	0.327884659591	0.0561593875532	0.00198167487525	1039095	1039095
ALL_	Mahajan2018t2d	covidhgi2020C2v5alleurLeaveUKBB	0.00151500321065	0.00126012835678	4.21162530546e-4	3.2166891654e-4	0.00277134566614	0.133781548319	0.11127496065	0.0561942930131	0.00228214092358	1057542	1057542
ALL_	Willer2013hdl	covidhgi2020A2v5alleur	-0.00131423555858	-7.79643158791e-4	5.14731557655e-4	0.0106724524566	0.12985859914	-0.113433761208	-0.0672922409715	0.0652042364099	0.0020586662681	932588	932588
ALL_	Willer2013hdl	covidhgi2020B2v5alleur	-0.00125482350653	-0.00129110483376	4.88414240658e-4	0.0101939848817	0.0082062803627	-0.129349079411	-0.133089012759	0.0652154504563	0.00144307236087	930759	930759
ALL_	Willer2013hdl	covidhgi2020C2v5alleur	-0.00117377765633	-0.00219067104758	6.3255740836e-4	0.0635096625289	5.33797017568e-4	-0.0983159705911	-0.183491267812	0.0647959557075	0.00219976169071	947062	947062
ALL_	Willer2013hdl	covidhgi2020A2v5alleurLeaveUKBB	-0.00150080054648	-0.00112353567388	5.89499580192e-4	0.0108999815786	0.0566613267182	-0.114564077306	-0.085765445715	0.0651575339375	0.00263380972015	931957	931957
ALL_	Willer2013hdl	covidhgi2020B2v5alleurLeaveUKBB	-0.00138373193892	-0.00125407472397	4.91572226634e-4	0.00487907839441	0.0107367955523	-0.125314586393	-0.11357247088	0.0652111180524	0.00186973059361	928353	928353
ALL_	Willer2013hdl	covidhgi2020C2v5alleurLeaveUKBB	-7.65802362491e-4	-0.00220452909798	6.03276602221e-4	0.204296637702	2.57925562109e-4	-0.0638055604465	-0.183678219743	0.0646757790119	0.00222727929445	943099	943099
ALL_	Willer2013ldl	covidhgi2020A2v5alleur	5.45524595894e-4	3.48414519776e-5	6.31721118593e-4	0.387833554513	0.956016399542	0.048873085443	0.00312141610529	0.0605284048064	0.00205840073719	931963	931963
ALL_	Willer2013ldl	covidhgi2020B2v5alleur	-3.34987953023e-4	-0.00125961782239	5.64523902312e-4	0.552914117779	0.0256617750384	-0.0358626224698	-0.134850217785	0.0605068224386	0.00144201554833	930142	930142
ALL_	Willer2013ldl	covidhgi2020C2v5alleur	-4.0131413451e-4	-0.00111069039579	5.37847198127e-4	0.455577428497	0.0389166796144	-0.0348416696913	-0.0964289681619	0.0603721665527	0.00219752706347	946444	946444
ALL_	Willer2013ldl	covidhgi2020A2v5alleurLeaveUKBB	5.88980805031e-4	-1.73383611933e-4	7.27129520051e-4	0.417935517188	0.811532541374	0.0466639515767	-0.0137368898991	0.0605075040259	0.00263287365388	931344	931344
ALL_	Willer2013ldl	covidhgi2020B2v5alleurLeaveUKBB	-3.80064724736e-4	-0.00169292549335	6.0935723713e-4	0.532815335605	0.00546584175876	-0.035734140371	-0.159170881378	0.0605335477976	0.00186875479321	927766	927766
ALL_	Willer2013ldl	covidhgi2020C2v5alleurLeaveUKBB	-3.21127796858e-4	-0.00167554612915	5.80199233163e-4	0.579935804019	0.00387847025918	-0.027695866016	-0.144508515148	0.0603956442207	0.00222597499939	942488	942488
ALL_	Willer2013tc	covidhgi2020A2v5alleur	6.72290820506e-4	2.12487914684e-4	5.8975643374e-4	0.254308563885	0.718624483562	0.0573237214274	0.0181180489997	0.0667813331263	0.00205963623987	932537	932537
ALL_	Willer2013tc	covidhgi2020B2v5alleur	-1.41231568951e-4	-0.00127299392602	5.25981138492e-4	0.788306232068	0.0155108070349	-0.0143856318093	-0.12966521615	0.0667528631169	0.00144389558463	930708	930708
ALL_	Willer2013tc	covidhgi2020C2v5alleur	-2.762321459e-4	-0.00183226704733	5.22429740892e-4	0.596982312762	4.52843895275e-4	-0.0227758557072	-0.151073835925	0.0668403853745	0.00220069615057	947011	947011
ALL_	Willer2013tc	covidhgi2020A2v5alleurLeaveUKBB	6.76790777953e-4	-8.6816579441e-5	6.85080102709e-4	0.323201522163	0.899158285331	0.0510315147017	-0.00654616122798	0.0667564979729	0.00263474385785	931907	931907
ALL_	Willer2013tc	covidhgi2020B2v5alleurLeaveUKBB	-4.10996214479e-4	-0.00177128124918	5.84470639965e-4	0.481934892779	0.00244089747235	-0.0367673083444	-0.158457040622	0.0667989485422	0.00187060608422	928299	928299
ALL_	Willer2013tc	covidhgi2020C2v5alleurLeaveUKBB	-2.36032386294e-4	-0.00221235851904	5.58503296654e-4	0.672575507128	7.45655009561e-5	-0.0193545823012	-0.181412710809	0.0667460620532	0.00222817829938	943049	943049
ALL_	Willer2013tg	covidhgi2020A2v5alleur	0.00163254517448	2.81375203202e-4	4.99203315415e-4	0.00107433046543	0.572993368213	0.140060723775	0.0241399841357	0.0660229558607	0.00205779789537	932018	932018
ALL_	Willer2013tg	covidhgi2020B2v5alleur	0.00115895507664	-2.54491832687e-4	5.20544453207e-4	0.0259854841947	0.624915692665	0.118814693931	-0.0260901995411	0.0659704262779	0.00144226015936	930196	930196
ALL_	Willer2013tg	covidhgi2020C2v5alleur	0.00108831251769	4.7553962996e-4	5.19658238037e-4	0.036234588669	0.36013875484	0.0905560492454	0.0395685884788	0.0657294978285	0.0021974145741	946499	946499
ALL_	Willer2013tg	covidhgi2020A2v5alleurLeaveUKBB	0.00192919941593	5.30682564696e-4	5.66191907369e-4	6.56031420724e-4	0.348612537264	0.146334854854	0.040253669702	0.066021985899	0.00263251041327	931395	931395
ALL_	Willer2013tg	covidhgi2020B2v5alleurLeaveUKBB	9.20175672618e-4	-7.3121689628e-4	5.97074781104e-4	0.123282779865	0.220701271066	0.0828299215416	-0.0658207339653	0.0660334470389	0.00186897299389	927821	927821
ALL_	Willer2013tg	covidhgi2020C2v5alleurLeaveUKBB	5.92013170838e-4	1.15936830427e-4	5.71294791378e-4	0.300078224621	0.839184302385	0.0490508435266	0.00960586623466	0.0654739776048	0.00222485161573	942545	942545
ALL_	Dashti2019slepdur	covidhgi2020A2v5alleur	-4.93315375402e-5	3.63156414791e-4	4.20051180364e-4	0.906510016663	0.387284300624	-0.00389816425091	0.0286965179724	0.0734047339538	0.00218174990336	1045428	1045428
ALL_	Dashti2019slepdur	covidhgi2020B2v5alleur	-3.12478098013e-4	-6.2230545348e-4	3.72887022033e-4	0.402032550738	0.0951402283113	-0.0296105854404	-0.0589699851526	0.0733251772562	0.00151877015863	1042730	1042730
ALL_	Dashti2019slepdur	covidhgi2020C2v5alleur	-5.12174326336e-5	5.25235735649e-4	4.43164109394e-4	0.907991629417	0.235940491073	-0.003963520207	0.0406459743224	0.0732598131532	0.00227933232563	1062617	1062617
ALL_	Dashti2019slepdur	covidhgi2020A2v5alleurLeaveUKBB	8.92563066629e-5	5.62453904874e-4	4.71132435033e-4	0.849739695719	0.232542921048	0.00621283483177	0.039150546803	0.0733499151809	0.0028138347733	1044177	1044177
ALL_	Dashti2019slepdur	covidhgi2020B2v5alleurLeaveUKBB	3.47836797789e-4	3.91386208746e-4	4.93948195601e-4	0.481310149101	0.428149124165	0.0288776569977	0.0324931599005	0.0732223591603	0.00198145139663	1039120	1039120
ALL_	Dashti2019slepdur	covidhgi2020C2v5alleurLeaveUKBB	5.04840662416e-4	0.00120027611876	5.32115190149e-4	0.342751242275	0.0240913236517	0.0390463219912	0.0928339797097	0.0732302768063	0.00228274666749	1057554	1057554
ALL_	Klimentidis2018mvpa	covidhgi2020A2v5alleur	1.59285617382e-4	0.00137340011361	4.06769076034e-4	0.695363149204	7.34509049607e-4	0.0153998537924	0.132781360274	0.0490656942184	0.00218042916846	1045591	1045591
ALL_	Klimentidis2018mvpa	covidhgi2020B2v5alleur	-6.51304320954e-5	2.95749784298e-4	3.81736607059e-4	0.864525594383	0.438488409062	-0.00755055886498	0.0342862174226	0.0490018569087	0.00151843842613	1042895	1042895
ALL_	Klimentidis2018mvpa	covidhgi2020C2v5alleur	0.00129087252764	0.00131146888055	4.13608068837e-4	0.00180235452293	0.00152019243056	0.122127582464	0.124076173619	0.0490267104216	0.0022788012127	1062745	1062745
ALL_	Klimentidis2018mvpa	covidhgi2020A2v5alleurLeaveUKBB	3.81383878003e-4	0.0020787985612	4.52790777231e-4	0.399622267845	4.40958824421e-6	0.0324825594807	0.177051789042	0.0490306526514	0.00281161920996	1044331	1044331
ALL_	Klimentidis2018mvpa	covidhgi2020B2v5alleurLeaveUKBB	8.13370450626e-5	4.96103837971e-4	4.09791766001e-4	0.842666523715	0.22603945661	0.00826185347516	0.0503920103641	0.0489376242494	0.00198051858584	1039283	1039283
ALL_	Klimentidis2018mvpa	covidhgi2020C2v5alleurLeaveUKBB	9.40927715411e-4	0.0016098934985	4.26687619292e-4	0.0274406915924	1.61294604087e-4	0.0889620422963	0.152210856541	0.049017299911	0.00228219972402	1057664	1057664
ALL_	Day2018sociso	covidhgi2020A2v5alleur	0.00171148736944	9.09022629814e-4	3.82591599268e-4	7.69835839843e-6	0.0175033237373	0.181262209509	0.0962738336931	0.0408758276498	0.00218105339842	1045841	1045841
ALL_	Day2018sociso	covidhgi2020B2v5alleur	0.00215371622536	0.00162633340323	3.26959250665e-4	4.48473025491e-11	6.55458840617e-7	0.273454483866	0.206493388561	0.0408342980531	0.00151908392302	1043098	1043098
ALL_	Day2018sociso	covidhgi2020C2v5alleur	0.00115622508285	0.00118664572446	3.86342061691e-4	0.00276476410137	0.00212993399337	0.119652868841	0.122800973042	0.0409706844971	0.00227911018383	1062747	1062747
ALL_	Day2018sociso	covidhgi2020A2v5alleurLeaveUKBB	0.0015606332807	9.70390413955e-4	4.4140250119e-4	4.06813256138e-4	0.0279188143702	0.145614616439	0.0905421085604	0.0408487028927	0.00281198834582	1044569	1044569
ALL_	Day2018sociso	covidhgi2020B2v5alleurLeaveUKBB	0.00156140788122	0.00137807916356	4.04233758538e-4	1.12170066914e-4	6.51741211228e-4	0.173662936673	0.153272746596	0.04080071381	0.00198130206246	1039468	1039468
ALL_	Day2018sociso	covidhgi2020C2v5alleurLeaveUKBB	8.37531444986e-5	2.16715937729e-4	4.14082113277e-4	0.839711777018	0.600720523473	0.00866336411722	0.0224169383703	0.0409424042081	0.00228273640776	1057650	1057650
ALL_	Evangelou2018dbp	covidhgi2020A2v5alleur	1.48069276532e-6	3.61409442856e-5	6.21404571851e-4	0.99809878969	0.953621112422	8.23231420615e-5	0.00200935410798	0.148783064008	0.00217436543017	1042724	1042724
ALL_	Evangelou2018dbp	covidhgi2020B2v5alleur	3.11578621773e-4	7.32617894004e-6	5.42972484024e-4	0.56607696104	0.989234688905	0.0207633351857	4.88210353126e-4	0.148672756175	0.00151464090505	1040265	1040265
ALL_	Evangelou2018dbp	covidhgi2020C2v5alleur	-4.59162057785e-4	3.19971090644e-4	5.61118977447e-4	0.413187535399	0.568516615591	-0.0249736652826	0.0174031167915	0.148886576315	0.00227044962468	1059801	1059801
ALL_	Evangelou2018dbp	covidhgi2020A2v5alleurLeaveUKBB	2.54881054009e-4	7.51754262497e-4	7.18839815845e-4	0.722909648194	0.295658788351	0.012488952293	0.0368353118943	0.148659155476	0.00280176324871	1041670	1041670
ALL_	Evangelou2018dbp	covidhgi2020B2v5alleurLeaveUKBB	7.89334235206e-4	0.00156091425599	6.86727319038e-4	0.250385165559	0.02302766652	0.0461294650726	0.0912213564821	0.148435347881	0.00197254857855	1037057	1037057
ALL_	Evangelou2018dbp	covidhgi2020C2v5alleurLeaveUKBB	-4.92962884884e-4	3.79064159853e-4	6.02879443166e-4	0.41353953391	0.529508709224	-0.026790872002	0.0206008600213	0.148813923451	0.00227515599498	1054919	1054919
ALL_	Evangelou2018sbp	covidhgi2020A2v5alleur	-1.47948716124e-4	-2.43108325353e-4	5.915054078e-4	0.802492740908	0.681073027158	-0.00819889150487	-0.0134723628276	0.149913876522	0.00217205234956	1041756	1041756
ALL_	Evangelou2018sbp	covidhgi2020B2v5alleur	1.7198784981e-4	-4.73661199327e-5	5.44109181087e-4	0.751933668421	0.930629700495	0.0114185363064	-0.00314470912185	0.149804077086	0.00151443635433	1039351	1039351
ALL_	Evangelou2018sbp	covidhgi2020C2v5alleur	-7.57474095656e-4	-5.96487246257e-4	5.93455898964e-4	0.201821904174	0.314844868971	-0.0410389753174	-0.0323169142241	0.15005439726	0.00227035529583	1058830	1058830
ALL_	Evangelou2018sbp	covidhgi2020A2v5alleurLeaveUKBB	1.46171405379e-4	5.15950109533e-4	6.75360526833e-4	0.82864897549	0.444889596262	0.0071414102847	0.0252074707023	0.149796280888	0.00279676415529	1040755	1040755
ALL_	Evangelou2018sbp	covidhgi2020B2v5alleurLeaveUKBB	8.55083179376e-4	0.00198258235959	7.45019445596e-4	0.251078927839	0.00778823711394	0.0498196831492	0.115511130793	0.1495329761	0.00197005262545	1036225	1036225
ALL_	Evangelou2018sbp	covidhgi2020C2v5alleurLeaveUKBB	-7.53919340051e-4	-3.05204556461e-4	6.38124334329e-4	0.237419434909	0.632448197219	-0.0408152122871	-0.0165229728184	0.149983801087	0.00227489467073	1053993	1053993
ALL_	Evangelou2018pp	covidhgi2020A2v5alleur	-2.3629075042e-4	-4.06284847416e-4	5.13872492771e-4	0.645642771093	0.429157846799	-0.014301725234	-0.024590781671	0.125663764004	0.00217223355944	1041762	1041762
ALL_	Evangelou2018pp	covidhgi2020B2v5alleur	-1.31271067181e-4	-2.14339807329e-4	4.6887048904e-4	0.779498236474	0.647569881596	-0.00951860187135	-0.0155420027807	0.12558581881	0.00151443663128	1039357	1039357
ALL_	Evangelou2018pp	covidhgi2020C2v5alleur	-7.76910409508e-4	-0.00113672342723	5.0727259257e-4	0.125634945153	0.0250355836741	-0.0459453408094	-0.0672241543313	0.125951274372	0.00227015944034	1058838	1058838
ALL_	Evangelou2018pp	covidhgi2020A2v5alleurLeaveUKBB	-2.77578731049e-5	9.8765864221e-5	5.86108758253e-4	0.962226631807	0.866181168182	-0.00148121766136	0.0052703512935	0.125572811892	0.00279665561139	1040761	1040761
ALL_	Evangelou2018pp	covidhgi2020B2v5alleurLeaveUKBB	4.60033283286e-4	0.00158360026195	6.25176035417e-4	0.46182442488	0.0113075800018	0.0292591223754	0.100720438154	0.125396122336	0.00197138664535	1036233	1036233
ALL_	Evangelou2018pp	covidhgi2020C2v5alleurLeaveUKBB	-7.32450081847e-4	-6.97141697605e-4	5.63121699708e-4	0.193362568771	0.215718014238	-0.0432855668001	-0.0411989489369	0.125891471125	0.00227443504104	1054000	1054000
ALL_	Lee2018educ	covidhgi2020A2v5alleur	-0.00364248258054	-0.00404516955085	4.73942321004e-4	1.52403438892e-14	1.39971795561e-17	-0.231590424823	-0.257193415218	0.113507091345	0.00217936902162	1040507	1040507
ALL_	Lee2018educ	covidhgi2020B2v5alleur	-0.00374920096836	-0.00356526821649	4.26148552738e-4	1.39433351691e-18	5.9477508638e-17	-0.285961502175	-0.271932463329	0.113421479957	0.00151553856371	1038020	1038020
ALL_	Lee2018educ	covidhgi2020C2v5alleur	-0.00412367042116	-0.00376592352825	4.59587535135e-4	2.89737548039e-19	2.5239608071e-16	-0.256903774644	-0.234616220652	0.114122197515	0.00225765095636	1058379	1058379
ALL_	Lee2018educ	covidhgi2020A2v5alleurLeaveUKBB	-0.00388857601231	-0.00471985041112	5.47992086543e-4	1.28378527995e-12	7.11792485989e-18	-0.217760243261	-0.264311606724	0.113418064499	0.00281152382346	1039187	1039187
ALL_	Lee2018educ	covidhgi2020B2v5alleurLeaveUKBB	-0.00268630212124	-0.00331681782969	4.69184258126e-4	1.03145536656e-8	1.55684771308e-12	-0.179594172773	-0.221747639498	0.113283315756	0.00197496441803	1034500	1034500
ALL_	Lee2018educ	covidhgi2020C2v5alleurLeaveUKBB	-0.0015454559421	-0.00195188774184	4.97567055707e-4	0.00189620389793	8.75026583626e-5	-0.0962837868016	-0.12160498276	0.114028855427	0.00225939502004	1053578	1053578
ALL_	Howard2018dep	covidhgi2020A2v5alleur	0.00135755496521	3.65444847474e-5	4.57742949206e-4	0.00301937647605	0.936367485668	0.115108801873	0.00309865306536	0.0640900795638	0.00217023601955	1038913	1038913
ALL_	Howard2018dep	covidhgi2020B2v5alleur	0.00183811115958	0.00114375021292	3.8566512791e-4	1.87843958114e-6	0.00302037834157	0.186926050656	0.11631326491	0.0640467485111	0.00150975611098	1036457	1036457
ALL_	Howard2018dep	covidhgi2020C2v5alleur	3.66554288239e-4	-5.31804483705e-4	3.9247898266e-4	0.350331601156	0.175421240731	0.0303773018962	-0.0440720129859	0.0641693464434	0.00226908413049	1055989	1055989
ALL_	Howard2018dep	covidhgi2020A2v5alleurLeaveUKBB	0.00122816649393	-1.01652405107e-4	5.12350962823e-4	0.016524532652	0.842729103118	0.0918027316778	-0.0075982926717	0.0640678887681	0.00279359129494	1037901	1037901
ALL_	Howard2018dep	covidhgi2020B2v5alleurLeaveUKBB	0.0010916333458	2.30453557957e-4	4.47073528021e-4	0.0146170287792	0.606223742887	0.0973324902889	0.0205477588041	0.0639994190747	0.00196544947839	1033271	1033271
ALL_	Howard2018dep	covidhgi2020C2v5alleurLeaveUKBB	-7.87001180423e-4	-0.00142711168467	4.55642348496e-4	0.0841255585878	0.00173568163856	-0.0652412695867	-0.118305512706	0.0641169832815	0.00226951406975	1051115	1051115
ALL_	Jansen2018insom	covidhgi2020A2v5alleur	0.00137899532181	5.46605505052e-4	3.73987268682e-4	2.26664989932e-4	0.143861329205	0.13595992996	0.053891731906	0.047679751072	0.00215759408072	1003915	1003915
ALL_	Jansen2018insom	covidhgi2020B2v5alleur	0.00176764727156	0.00113951159007	3.45797352807e-4	3.19101791091e-7	9.83110201723e-4	0.208627237422	0.13449128617	0.0476739752711	0.00150580187291	1001895	1001895
ALL_	Jansen2018insom	covidhgi2020C2v5alleur	0.00141448651785	8.76665428722e-4	3.84198650163e-4	2.31725702626e-4	0.0225010049305	0.13768684051	0.0853350608445	0.0476644176799	0.00221420824937	1020739	1020739
ALL_	Jansen2018insom	covidhgi2020A2v5alleurLeaveUKBB	0.00121059045461	3.6459706354e-4	4.26334527492e-4	0.00451797895849	0.392445920744	0.104973812026	0.0316152696128	0.0476625937438	0.0027903255835	1003041	1003041
ALL_	Jansen2018insom	covidhgi2020B2v5alleurLeaveUKBB	0.00134261156172	0.00112578471269	3.64621376276e-4	2.31223100749e-4	0.00201817575443	0.139445850198	0.116925856202	0.0476502906282	0.00194546769039	999381	999381
ALL_	Jansen2018insom	covidhgi2020C2v5alleurLeaveUKBB	4.58837227367e-4	6.17592085182e-5	4.30383898347e-4	0.286373237551	0.885896927603	0.0447525035915	0.00602365945082	0.0476668640023	0.0022052916886	1016221	1016221
ALL_	Liu2019smkint	covidhgi2020A2v5alleur	0.00135685949406	0.00115111620273	4.27001109755e-4	0.00148474563839	0.00702165505358	0.116429761456	0.0987752862242	0.0618910890276	0.0021943889905	1026142	1026142
ALL_	Liu2019smkint	covidhgi2020B2v5alleur	0.00257833098319	0.0022951262208	3.80651784243e-4	1.25735270829e-11	1.64504378108e-9	0.26692228096	0.237603445772	0.0618558534573	0.00150843595826	1023754	1023754
ALL_	Liu2019smkint	covidhgi2020C2v5alleur	0.00266604083504	0.00222109970648	4.38437607396e-4	1.1960236075e-9	4.06384592531e-7	0.225548126558	0.187905928187	0.0618505238898	0.00225897676211	1044004	1044004
ALL_	Liu2019smkint	covidhgi2020A2v5alleurLeaveUKBB	0.001142663724	9.05216614393e-4	4.90496087413e-4	0.0198268665658	0.0649630355191	0.0864510617623	0.068486411002	0.0618428473147	0.00282492381863	1024826	1024826
ALL_	Liu2019smkint	covidhgi2020B2v5alleurLeaveUKBB	0.00166494723084	0.00143038806304	4.00924729905e-4	3.28478278152e-5	3.60097968379e-4	0.151803761036	0.130417519359	0.0617792424203	0.00194712263439	1020289	1020289
ALL_	Liu2019smkint	covidhgi2020C2v5alleurLeaveUKBB	9.25022009273e-4	9.02390623027e-4	4.60797378744e-4	0.0447030828003	0.0501919918246	0.0782082537688	0.0762948277304	0.0618243624814	0.00226276424375	1039536	1039536
ALL_	Liu2019smkcpd	covidhgi2020A2v5alleur	0.00144560327201	0.00198299832406	5.0670086998e-4	0.00433124706097	9.09497011486e-5	0.119492304806	0.163912910794	0.0670245184574	0.00218365822902	1039033	1039033
ALL_	Liu2019smkcpd	covidhgi2020B2v5alleur	0.00236552612919	0.00257853168051	5.09090670368e-4	3.37497417628e-6	4.08453266764e-7	0.234450863057	0.255562164566	0.0669845884152	0.00151976673488	1036569	1036569
ALL_	Liu2019smkcpd	covidhgi2020C2v5alleur	7.63808119833e-4	4.27849221005e-4	4.96326855027e-4	0.123823436271	0.388670363961	0.0618582131446	0.0346500483819	0.0670274484178	0.00227468421241	1057047	1057047
ALL_	Liu2019smkcpd	covidhgi2020A2v5alleurLeaveUKBB	0.00128161814381	0.00210184823462	5.30243286568e-4	0.0156473858523	7.37253177011e-5	0.093275755451	0.152971837106	0.0669825508013	0.00281850014661	1037703	1037703
ALL_	Liu2019smkcpd	covidhgi2020B2v5alleurLeaveUKBB	0.00171491717354	0.00239539799668	4.85494081665e-4	4.11941082499e-4	8.05877767133e-7	0.148991346655	0.20811125972	0.0669000764577	0.00198033012381	1033056	1033056
ALL_	Liu2019smkcpd	covidhgi2020C2v5alleurLeaveUKBB	-5.10874932343e-4	-5.13288286658e-4	5.42391211136e-4	0.346247002059	0.343973516852	-0.0413654933827	-0.0415609024459	0.0669867253161	0.00227700519486	1052501	1052501
ALL_	Liu2019drnkwk	covidhgi2020A2v5alleur	8.07203840394e-5	-2.91862441796e-4	4.11228005066e-4	0.844382352614	0.47786918701	0.00821593293318	-0.0297065267471	0.0442026167956	0.0021837588984	1038899	1038899
ALL_	Liu2019drnkwk	covidhgi2020B2v5alleur	6.714626275e-4	0.00102178412247	3.37382526908e-4	0.0465676281408	0.00245720115766	0.0819602934362	0.124721351682	0.0441749231833	0.00151936066591	1036443	1036443
ALL_	Liu2019drnkwk	covidhgi2020C2v5alleur	0.00136178967715	0.00149336576229	3.84292580365e-4	3.94662734557e-4	1.01904271037e-4	0.135634547535	0.148739554185	0.0443329272871	0.0022738039732	1056919	1056919
ALL_	Liu2019drnkwk	covidhgi2020A2v5alleurLeaveUKBB	-2.69519555189e-4	-0.00119249257334	4.66063708182e-4	0.563068962575	0.0105080341037	-0.0241508334104	-0.106855658254	0.0441856063867	0.00281861331076	1037569	1037569
ALL_	Liu2019drnkwk	covidhgi2020B2v5alleurLeaveUKBB	1.77876034038e-4	-4.18938780643e-4	3.83092364197e-4	0.642421138208	0.274143081292	0.0190354896431	-0.0448329358317	0.0441016646102	0.00197993890017	1032936	1032936
ALL_	Liu2019drnkwk	covidhgi2020C2v5alleurLeaveUKBB	6.75753835924e-4	3.30248862402e-4	4.26656681616e-4	0.113231245237	0.438907796151	0.0672821066293	0.0328815583325	0.0443106088739	0.00227651313119	1052383	1052383
ALL_	Kunkle2019load	covidhgi2020A2v5alleur	6.61678857007e-4	0.00130783863699	8.1887504541e-4	0.419071024752	0.110239797861	0.0456880492237	0.0903045267212	0.0961799370287	0.00218074455464	1045913	1045913
ALL_	Kunkle2019load	covidhgi2020B2v5alleur	0.00137753928731	9.96482507938e-4	7.80916134963e-4	0.0777312838504	0.201940346136	0.113981392528	0.0824517056831	0.0961524776727	0.00151907630934	1043126	1043126
ALL_	Kunkle2019load	covidhgi2020C2v5alleur	0.00213668829655	3.37475460343e-4	8.00886321976e-4	0.00763259288829	0.673479460792	0.144071727511	0.0227551546207	0.0964839569288	0.00227965805795	1062797	1062797
ALL_	Kunkle2019load	covidhgi2020A2v5alleurLeaveUKBB	6.64635810044e-4	0.0015299377369	9.08699663601e-4	0.464526212822	0.0922481489567	0.0404507755688	0.0931144050535	0.0960318634102	0.00281124316375	1044731	1044731
ALL_	Kunkle2019load	covidhgi2020B2v5alleurLeaveUKBB	6.65523862049e-4	0.00147507689933	8.5585523658e-4	0.436797398802	0.084795949818	0.0482822947012	0.107013589778	0.0959032328506	0.0019811538863	1039501	1039501
ALL_	Kunkle2019load	covidhgi2020C2v5alleurLeaveUKBB	7.49196759922e-4	-2.18802625695e-4	8.24997690673e-4	0.363814916347	0.790843034267	0.0504745388886	-0.0147410696767	0.0965118831051	0.00228279162859	1057713	1057713
ALL_	Revez2020vit250hd	covidhgi2020A2v5alleur	-7.23693684096e-5	2.96744713257e-4	5.53782125968e-4	0.896026854104	0.592061522613	-0.00462777710134	0.018975823876	0.113806109411	0.00214881547236	1004124	1004124
ALL_	Revez2020vit250hd	covidhgi2020B2v5alleur	-1.50204612548e-4	5.70996292984e-4	4.59417963282e-4	0.743709144598	0.213916152249	-0.0115076916764	0.0437459887321	0.113691386019	0.00149851999756	1002302	1002302
ALL_	Revez2020vit250hd	covidhgi2020C2v5alleur	0.00219228883851	0.00262472615358	4.96526151217e-4	1.00891677467e-5	1.24897629002e-7	0.137062730636	0.164098875778	0.11520383882099999	0.00222069970575	1021911	1021911
ALL_	Revez2020vit250hd	covidhgi2020A2v5alleurLeaveUKBB	-3.12248482925e-4	2.08325615015e-4	6.49420028108e-4	0.630650623839	0.748371680446	-0.0175709606462	0.0117229750765	0.113731337204	0.00277670355617	1003217	1003217
ALL_	Revez2020vit250hd	covidhgi2020B2v5alleurLeaveUKBB	1.25691242783e-4	0.00108854593712	5.37011409875e-4	0.814940780952	0.0426578786427	0.00847429607412	0.0733914340985	0.113644405152	0.00193577427658	999826	999826
ALL_	Revez2020vit250hd	covidhgi2020C2v5alleurLeaveUKBB	0.00174834892148	0.00218957199473	5.78684734287e-4	0.00251736772236	1.54511299585e-4	0.109667091044	0.137343289055	0.115189612699	0.00220643051024	1017732	1017732
ALL_	Okada2014rartis	covidhgi2020A2v5alleur	0.00151902036878	0.00257825361939	9.43602580259e-4	0.107439457386	0.00628840742422	0.098113394921	0.16652917944	0.110193190984	0.00217528331341	1041031	1041031
ALL_	Okada2014rartis	covidhgi2020B2v5alleur	0.00153136595779	0.00169031491263	7.90382575514e-4	0.0526842969906	0.0324677968587	0.118554540227	0.130859972619	0.110065647598	0.00151589738093	1038667	1038667
ALL_	Okada2014rartis	covidhgi2020C2v5alleur	0.00125670027463	-4.70523242908e-4	8.36939214346e-4	0.133215156319	0.57398300383	0.0793793625363	-0.0297205593366	0.110382635395	0.00227063562509	1058146	1058146
ALL_	Okada2014rartis	covidhgi2020A2v5alleurLeaveUKBB	0.00149854783591	0.00304822711419	0.00107292114046	0.162504118521	0.00449646694019	0.0853201982549	0.173551578052	0.110185884018	0.00279970033633	1040092	1040092
ALL_	Okada2014rartis	covidhgi2020B2v5alleurLeaveUKBB	0.00109902445205	0.00150333448394	8.98695493645e-4	0.221363377616	0.0943674062927	0.0746775799141	0.102150030286	0.109963457685	0.00196963545056	1035531	1035531
ALL_	Okada2014rartis	covidhgi2020C2v5alleurLeaveUKBB	-4.92182807331e-4	-0.00213805619344	9.49870285868e-4	0.604348094784	0.0243923274777	-0.0310624788609	-0.134936296682	0.110281996763	0.00227654393566	1053343	1053343
ALL_	Nalls2019pd	covidhgi2020A2v5alleur	-1.40692446571e-4	-7.4803820571e-4	3.30538492458e-4	0.670365684929	0.0236301700625	-0.0284491671495	-0.151259463228	0.0127752044205	0.00191440840227	901971	901971
ALL_	Nalls2019pd	covidhgi2020B2v5alleur	3.04998576036e-5	-5.31646627908e-4	2.77605975964e-4	0.912514506166	0.0554781794992	0.00730441296526	-0.127324086961	0.0127653834077	0.00136581262483	900220	900220
ALL_	Nalls2019pd	covidhgi2020C2v5alleur	-7.446707531e-5	-8.47355727567e-5	2.84463274271e-4	0.793490301991	0.765795685173	-0.0144527940086	-0.0164457348855	0.0128128949034	0.00207194252939	917538	917538
ALL_	Nalls2019pd	covidhgi2020A2v5alleurLeaveUKBB	-2.71027357703e-4	-0.00102977907351	3.64010497214e-4	0.456538251947	0.00466963536713	-0.0477809736618	-0.181545683085	0.0127698437244	0.00251959471638	901207	901207
ALL_	Nalls2019pd	covidhgi2020B2v5alleurLeaveUKBB	-5.54175101781e-5	-8.631084013e-4	3.01582135308e-4	0.854204918564	0.00421063546403	-0.011570765238	-0.180210634766	0.0127496323214	0.00179916997338	897991	897991
ALL_	Nalls2019pd	covidhgi2020C2v5alleurLeaveUKBB	-1.10034887193e-5	-3.93927578961e-4	3.09603848524e-4	0.971648718587	0.203245209234	-0.00215202080299	-0.0770428694408	0.0128069864582	0.00204136622212	913527	913527
ALL_	Nicolas2018als	covidhgi2020A2v5alleur	-0.00151963510236	-6.56325698947e-4	7.29379946037e-4	0.0372091692744	0.368205076965	-0.151077672324	-0.0652499792413	0.0464010091768	0.00218047261994	1046002	1046002
ALL_	Nicolas2018als	covidhgi2020B2v5alleur	-0.00157880462258	-0.00179570677479	6.65535784557e-4	0.0176810324413	0.00697287224316	-0.188098688876	-0.213940398397	0.0463682737558	0.00151937268346	1043212	1043212
ALL_	Nicolas2018als	covidhgi2020C2v5alleur	-0.00126048642274	-0.00108180744269	6.5579839819e-4	0.0545977185752	0.0990240244343	-0.121749525411	-0.104491044376	0.0470280154893	0.00227921417694	1062877	1062877
ALL_	Nicolas2018als	covidhgi2020A2v5alleurLeaveUKBB	-0.00202327589346	-0.00130893773127	8.40300650182e-4	0.0160489709503	0.11930398299	-0.177094788707	-0.114569669762	0.0464323621544	0.00281111021284	1044817	1044817
ALL_	Nicolas2018als	covidhgi2020B2v5alleurLeaveUKBB	-0.00199304733799	-0.00255816672232	7.5813726836e-4	0.00856681010072	7.40092948914e-4	-0.207877184314	-0.26681980157	0.0463897357044	0.00198152555836	1039579	1039579
ALL_	Nicolas2018als	covidhgi2020C2v5alleurLeaveUKBB	-0.00126341437435	-8.56991667558e-4	7.0342251118e-4	0.072479246953	0.223103497741	-0.121835010529	-0.0826423942615	0.0471175694239	0.00228225694843	1057794	1057794
ALL_	Ligthart2018crp	covidhgi2020A2v5alleur	0.00229568887935	0.00135602987039	5.49003937056e-4	2.89525161462e-5	0.0135119831667	0.153087266739	0.0904264111492	0.103565298955	0.00217136913129	1042315	1042315
ALL_	Ligthart2018crp	covidhgi2020B2v5alleur	0.00308837327166	0.00259645960861	5.65522009344e-4	4.73188559221e-8	4.40574235464e-6	0.24698938852	0.207649113186	0.103257858561	0.00151418823143	1039821	1039821
ALL_	Ligthart2018crp	covidhgi2020C2v5alleur	0.00285878939244	0.00257273051238	7.44185146931e-4	1.22283296274e-4	5.46000294242e-4	0.187293798465	0.168552629783	0.102736360654	0.00226774047587	1059299	1059299
ALL_	Ligthart2018crp	covidhgi2020A2v5alleurLeaveUKBB	0.00235818379211	0.00170360010772	6.68552157157e-4	4.1982134421e-4	0.0108282462621	0.138599656437	0.100127220968	0.103487639977	0.00279732231431	1041366	1041366
ALL_	Ligthart2018crp	covidhgi2020B2v5alleurLeaveUKBB	0.00317922746502	0.00313663398547	8.65056229943e-4	2.37692425727e-4	2.87922511473e-4	0.22286415855	0.219878351437	0.103171385052	0.00197243855169	1036629	1036629
ALL_	Ligthart2018crp	covidhgi2020C2v5alleurLeaveUKBB	0.00190322875135	0.00197922145007	7.59776272744e-4	0.0122456320112	0.00918727566338	0.124636428957	0.129612950349	0.102590788201	0.00227291721832	1054433	1054433
ALL_	Wood2014height	covidhgi2020A2v5alleur	0.00111596173258	0.00118145371202	8.35468272348e-4	0.181636875804	0.157326208422	0.0388811529336	0.0411629548937	0.399798639432	0.00206053039007	944588	944588
ALL_	Wood2014height	covidhgi2020B2v5alleur	-8.98933853765e-4	2.57990890272e-4	8.09000315824e-4	0.266496792084	0.749801697956	-0.0371935655759	0.0106744239914	0.399519783634	0.00146211507305	942747	942747
ALL_	Wood2014height	covidhgi2020C2v5alleur	0.00153318847554	0.00264853894148	8.44901040628e-4	0.0695797515001	0.00172010753596	0.051652114922	0.0892275411425	0.400150032292	0.0022018717463	959717	959717
ALL_	Wood2014height	covidhgi2020A2v5alleurLeaveUKBB	0.00108325886901	8.7189641121e-4	9.81182681437e-4	0.269578464997	0.374208512997	0.0333281966919	0.0268252916446	0.39954457746099997	0.00264408635308	943959	943959
ALL_	Wood2014height	covidhgi2020B2v5alleurLeaveUKBB	-0.00112756505415	-2.76187803954e-4	8.9900782314e-4	0.209757419417	0.75868047767	-0.0411505761348	-0.0100794958236	0.399185441311	0.00188086091392	940314	940314
ALL_	Wood2014height	covidhgi2020C2v5alleurLeaveUKBB	0.0023440674754	0.00400003967693	9.42062467779e-4	0.0128380914182	2.1757690354e-5	0.0786873241382	0.134276176743	0.399990581516	0.00221860965706	955676	955676
ALL_	Betham2015lupus	covidhgi2020A2v5alleur	0.00261087356475	0.00969046497208	0.00166806499321	0.117533458777	6.2695288771e-9	0.0806557117901	0.299360091754	0.482651332628	0.00217104045399	1041470	1041470
ALL_	Betham2015lupus	covidhgi2020B2v5alleur	0.00182430788434	0.00529838399358	0.00150277774994	0.224764064623	4.22322170481e-4	0.0674738343818	0.19596598093	0.482323938252	0.00151560724131	1038919	1038919
ALL_	Betham2015lupus	covidhgi2020C2v5alleur	9.50192973696e-4	7.5178272308e-4	0.00166329526726	0.567815702623	0.651280563083	0.0286754664284	0.0226877285287	0.483262593184	0.00227205828336	1058427	1058427
ALL_	Betham2015lupus	covidhgi2020A2v5alleurLeaveUKBB	0.0025908371638	0.0115547013272	0.00190669757324	0.174207230206	1.36070944777e-9	0.0705125003939	0.314473982878	0.482346328092	0.00279891061417	1040481	1040481
ALL_	Betham2015lupus	covidhgi2020B2v5alleurLeaveUKBB	0.00205801361647	0.00843696684058	0.00183445944307	0.26192036024300003	4.24204171786e-6	0.066760479362	0.273689127288	0.481700335115	0.00197278903998	1035639	1035639
ALL_	Betham2015lupus	covidhgi2020C2v5alleurLeaveUKBB	-7.51494738864e-4	-4.08124902029e-4	0.00177026513778	0.671194125979	0.817668683785	-0.0226640711345	-0.0123084984272	0.482778513768	0.00227734121661	1053491	1053491
ALL_	Patsopoulos2019multscler	covidhgi2020A2v5alleur	-1.95121273628e-4	8.48300263515e-4	7.99547454899e-4	0.807200119	0.288701033934	-0.0123750643928	0.0538012600587	0.114042311555	0.00217995886043	1044302	1044302
ALL_	Patsopoulos2019multscler	covidhgi2020B2v5alleur	0.0010105486887	0.00210683389445	6.79837107136e-4	0.137158258473	0.00194156993821	0.0768456693401	0.160211044374	0.113896470228	0.00151832738519	1041730	1041730
ALL_	Patsopoulos2019multscler	covidhgi2020C2v5alleur	6.1574131353e-4	9.27610922138e-4	7.0820892876e-4	0.384609490603	0.190264044388	0.0381877605341	0.057529652445	0.11415935082	0.00227738636468	1061363	1061363
ALL_	Patsopoulos2019multscler	covidhgi2020A2v5alleurLeaveUKBB	-1.21672516567e-5	0.00114260535978	9.23209484647e-4	0.989484747097	0.21584781858	-6.79550648961e-4	0.0638154149887	0.11400439604	0.00281202851411	1043189	1043189
ALL_	Patsopoulos2019multscler	covidhgi2020B2v5alleurLeaveUKBB	0.00102894171033	0.00200099448051	7.00936886648e-4	0.142117259542	0.00430717042463	0.0685470578939	0.133304232032	0.113762056261	0.00198064423182	1038237	1038237
ALL_	Patsopoulos2019multscler	covidhgi2020C2v5alleurLeaveUKBB	6.25328561113e-4	0.00120684016792	8.01301583029e-4	0.435160750935	0.132041551484	0.0387567818386	0.0747978646921	0.114078688287	0.00228200501486	1056398	1056398
ALL_	Malik2018as	covidhgi2020A2v5alleur	0.00117303958412	0.00209292202875	3.4818319884e-4	7.54332638833e-4	1.84405862447e-9	0.190331422509	0.339586858214	0.0174302720205	0.00217921552093	1045967	1045967
ALL_	Malik2018as	covidhgi2020B2v5alleur	0.00165261902256	0.00188232554195	3.31424483995e-4	6.15109050113e-7	1.3508860912e-8	0.321379807138	0.366050137014	0.0174031825637	0.0015194263272	1043186	1043186
ALL_	Malik2018as	covidhgi2020C2v5alleur	8.07564283396e-4	-6.13399586019e-5	3.06354643218e-4	0.0083878883068	0.841304360176	0.128286286868	-0.00974420945487	0.0173890020717	0.00227886750905	1062856	1062856
ALL_	Malik2018as	covidhgi2020A2v5alleurLeaveUKBB	0.00117017261565	0.00213440651299	3.9700738377e-4	0.0032037210323	7.60578897226e-8	0.16730665161	0.30516899993	0.0174108286071	0.00280966153341	1044785	1044785
ALL_	Malik2018as	covidhgi2020B2v5alleurLeaveUKBB	0.00133934984861	0.00171200688269	3.55549185264e-4	1.65228317526e-4	1.47122048044e-6	0.228301288907	0.291823214333	0.0173705756666	0.00198133142517	1039561	1039561
ALL_	Malik2018as	covidhgi2020C2v5alleurLeaveUKBB	2.92259348969e-4	-4.40831980368e-4	3.261581301e-4	0.37021728873	0.176506596173	0.0464142537416	-0.0700093511685	0.017372185679	0.00228233619746	1057773	1057773
ALL_	Wuttke2019egfr	covidhgi2020A2v5alleur	-7.09325519839e-4	-0.00156365252051	4.65487157932e-4	0.127549989546	7.81757290472e-4	-0.0531821303404	-0.117235838592	0.0813892965724	0.00218570937407	1036912	1036912
ALL_	Wuttke2019egfr	covidhgi2020B2v5alleur	-9.25130315397e-4	-0.00133745992952	3.96325344616e-4	0.019581594743	7.39092145004e-4	-0.0831576429738	-0.120220917486	0.0813025375789	0.00152228995571	1034659	1034659
ALL_	Wuttke2019egfr	covidhgi2020C2v5alleur	-4.17558639572e-4	-1.75924299384e-4	4.31214992699e-4	0.332879325375	0.683293114067	-0.0306342593978	-0.0129067156345	0.0817981112322	0.002271312554	1055085	1055085
ALL_	Wuttke2019egfr	covidhgi2020A2v5alleurLeaveUKBB	-0.00101369606083	-0.00174093469834	5.45843727645e-4	0.0632944071883	0.00142549739218	-0.0669188826156	-0.114927352706	0.081334299523	0.00282126853704	1035673	1035673
ALL_	Wuttke2019egfr	covidhgi2020B2v5alleurLeaveUKBB	-0.00124849772491	-0.00196209401654	5.68439836362e-4	0.0280662862166	5.57029567283e-4	-0.0983770320961	-0.154605797182	0.0812306776811	0.00198275019601	1031290	1031290
ALL_	Wuttke2019egfr	covidhgi2020C2v5alleurLeaveUKBB	-6.26280790159e-4	-0.00105514114088	4.93270870396e-4	0.204209742664	0.0324299634845	-0.0459247473656	-0.0773727872408	0.0817413813145	0.00227511135218	1050882	1050882
ALL_	Wuttke2019ckd	covidhgi2020A2v5alleur	2.12318545403e-4	5.81142584321e-4	3.35734801629e-4	0.527125812487	0.0834593919447	0.0306682353863	0.0839428206104	0.0219295273557	0.00218559160087	1043475	1043475
ALL_	Wuttke2019ckd	covidhgi2020B2v5alleur	7.03345116319e-4	7.05922101357e-4	3.01935601461e-4	0.0198350233902	0.0193878211102	0.121883506371	0.122330075153	0.0219033180522	0.00152032754439	1041030	1041030
ALL_	Wuttke2019ckd	covidhgi2020C2v5alleur	5.34968909473e-4	8.43671001386e-4	3.32604676468e-4	0.107742634869	0.0111948246416	0.075490540101	0.119052113935	0.0220451648976	0.00227802596213	1061246	1061246
ALL_	Wuttke2019ckd	covidhgi2020A2v5alleurLeaveUKBB	1.85497795415e-4	4.10920705121e-4	3.83682391502e-4	0.628764147378	0.284173104954	0.0236043273526	0.0522890680072	0.0219152519032	0.00281804406757	1042228	1042228
ALL_	Wuttke2019ckd	covidhgi2020B2v5alleurLeaveUKBB	6.66265889703e-4	9.09797678388e-4	3.56054940528e-4	0.0613111835537	0.0106121580983	0.101218904863	0.13821617777	0.0218646782471	0.00198165843444	1037571	1037571
ALL_	Wuttke2019ckd	covidhgi2020C2v5alleurLeaveUKBB	5.00133644336e-4	0.00137798564591	3.86183822711e-4	0.19529736808	3.59426010288e-4	0.0705638826421	0.194420068519	0.0220080679146	0.00228257620747	1056287	1056287
ALL_	Nikpay2015cad	covidhgi2020A2v5alleur	0.00151080017384	0.00168499847984	5.644239347e-4	0.00743485700856	0.00283261427112	0.16518719029	0.184233606368	0.0383788267073	0.00217956400085	1045662	1045662
ALL_	Nikpay2015cad	covidhgi2020B2v5alleur	0.0016095454048	0.00170966381106	4.94002215546e-4	0.00112131445274	5.38487967102e-4	0.210784222506	0.223895614305	0.0383732301802	0.00151950420357	1042903	1042903
ALL_	Nikpay2015cad	covidhgi2020C2v5alleur	0.00139021200468	4.04411025048e-4	4.62296806234e-4	0.00263679271892	0.381690060542	0.148285654594	0.0431361212336	0.038581356847	0.00227817086975	1062556	1062556
ALL_	Nikpay2015cad	covidhgi2020A2v5alleurLeaveUKBB	0.00159466719908	0.00227974477506	6.19227936929e-4	0.0100167444075	2.31781891367e-4	0.15359744044	0.21958372412	0.0383575339287	0.00281009813926	1044504	1044504
ALL_	Nikpay2015cad	covidhgi2020B2v5alleurLeaveUKBB	0.00133568727816	0.00174058706585	5.0826954342e-4	0.00859109130838	6.158515087e-4	0.153191724984	0.199630212447	0.0383617254324	0.00198171334279	1039295	1039295
ALL_	Nikpay2015cad	covidhgi2020C2v5alleurLeaveUKBB	6.76136646112e-4	-4.6913634761e-4	5.16432811929e-4	0.190451655964	0.363657945429	0.072108515387	-0.0500323798966	0.0385569510383	0.00228030614607	1057483	1057483
ALL_	Shah2020heartfailure	covidhgi2020A2v5alleur	7.87245536961e-4	3.39709281766e-4	2.20138091139e-4	3.48699483524e-4	0.122790874424	0.183210368027	0.0790582602409	0.00848315678775	0.00217652082276	1029415	1029415
ALL_	Shah2020heartfailure	covidhgi2020B2v5alleur	0.00120025477192	9.01029757733e-4	2.05860891751e-4	5.52891486463e-9	1.2038662329e-5	0.335589332043	0.251926492295	0.00846978702399	0.00151028218371	1027397	1027397
ALL_	Shah2020heartfailure	covidhgi2020C2v5alleur	0.00100717185122	5.4565869915e-4	2.23413472848e-4	6.54085751627e-6	0.0145911229667	0.229542528624	0.12435998625	0.00848335310781	0.00226941171103	1047785	1047785
ALL_	Shah2020heartfailure	covidhgi2020A2v5alleurLeaveUKBB	7.98116725446e-4	4.24483080709e-4	2.48219300124e-4	0.00130276789641	0.0872449579144	0.163453200465	0.0869335472783	0.00847786405193	0.00281228621928	1028128	1028128
ALL_	Shah2020heartfailure	covidhgi2020B2v5alleurLeaveUKBB	0.00106581440953	0.00105038874956	2.18242614141e-4	1.04154709737e-6	1.48725466712e-6	0.261309852136	0.257527883257	0.00845901741537	0.00196667088079	1024066	1024066
ALL_	Shah2020heartfailure	covidhgi2020C2v5alleurLeaveUKBB	6.68495868683e-4	5.71070717882e-4	2.28726643833e-4	0.00347027701268	0.0125341194689	0.152329156001	0.130129032276	0.00848161501885	0.00227066375537	1044125	1044125
ALL_	Olafsdottir2020asthma	covidhgi2020A2v5alleur	-2.47861534415e-4	-7.67125384783e-4	3.16131868135e-4	0.433013847355	0.0152410768201	-0.0308891921495	-0.0956012939614	0.0296129604632	0.00217431939855	1045217	1045217
ALL_	Olafsdottir2020asthma	covidhgi2020B2v5alleur	7.28126289471e-4	4.52816313702e-4	2.51247657292e-4	0.00375500175767	0.0715028119228	0.108696619235	0.0675976175365	0.029578478089	0.00151706967141	1042475	1042475
ALL_	Olafsdottir2020asthma	covidhgi2020C2v5alleur	2.7852709222e-4	-7.35160948623e-5	3.16801057169e-4	0.379300369047	0.816493271726	0.034039794807	-0.00898466559996	0.0296533413739	0.00225780996864	1062227	1062227
ALL_	Olafsdottir2020asthma	covidhgi2020A2v5alleurLeaveUKBB	-3.68044784962e-4	-8.22592238044e-4	3.74773559606e-4	0.326077305263	0.028170436409	-0.0404018522	-0.0902994727279	0.0295951447038	0.00280400199193	1043979	1043979
ALL_	Olafsdottir2020asthma	covidhgi2020B2v5alleurLeaveUKBB	3.29819267095e-4	4.48544268307e-4	3.23934581203e-4	0.308598941887	0.166151723177	0.0431468928247	0.0586784745544	0.0295425366601	0.00197790400363	1038857	1038857
ALL_	Olafsdottir2020asthma	covidhgi2020C2v5alleurLeaveUKBB	-2.30839937206e-4	-8.08171460475e-4	3.5208127193e-4	0.512053274334	0.0217095431741	-0.0282026393154	-0.0987375429083	0.0296327061767	0.00226084648327	1057156	1057156
ALL_	Allen2020ipf	covidhgi2020A2v5alleur	0.00717899727572	0.00579060532327	0.00203075818973	4.07572253153e-4	0.00435203380674	0.369030720905	0.297661522196	0.173609626175	0.00217986065071	1034937	1034937
ALL_	Allen2020ipf	covidhgi2020B2v5alleur	0.00748884383004	0.0073133297146800004	0.00177824292825	2.53823507696e-5	3.91106053804e-5	0.460783066834	0.449983812078	0.173680406177	0.00152084761151	1033606	1033606
ALL_	Allen2020ipf	covidhgi2020C2v5alleur	0.00401099704295	0.00456629696952	0.00184576107647	0.0297738660616	0.0133633188793	0.199970257907	0.22765501268	0.177184222246	0.00227064282009	1054029	1054029
ALL_	Allen2020ipf	covidhgi2020A2v5alleurLeaveUKBB	0.0078892236419500009	0.00640064274521	0.00220596985441	3.48483461356e-4	0.00371369381353	0.357458391788	0.290011231263	0.173560940409	0.00280650322852	1033720	1033720
ALL_	Allen2020ipf	covidhgi2020B2v5alleurLeaveUKBB	0.00723881820479	0.00737641281492	0.00172082724873	2.5925052711200002e-05	1.81469005939e-5	0.390134051291	0.397549673726	0.174087463414	0.00197760762207	1030416	1030416
ALL_	Allen2020ipf	covidhgi2020C2v5alleurLeaveUKBB	0.00280838259247	0.00287620692905	0.00203631550164	0.16784880285	0.157815610236	0.139944307536	0.14332405709	0.177194298485	0.00227275345257	1050309	1050309
ALL_	Linner2019risk	covidhgi2020A2v5alleur	0.00113461463075	7.64451130382e-4	4.18849270808e-4	0.00675096750577	0.0679825807824	0.103826333028	0.0699534057602	0.0546780656067	0.0021840802199	1042457	1042457
ALL_	Linner2019risk	covidhgi2020B2v5alleur	0.00142703068953	0.00131218762148	3.88432387834e-4	2.38951058044e-4	7.29720170781e-4	0.156619266182	0.14401502636	0.0546235542713	0.00151983450792	1039976	1039976
ALL_	Linner2019risk	covidhgi2020C2v5alleur	0.00200324565649	0.00204015370562	4.35904957875e-4	4.3150183325e-6	2.86494767103e-6	0.179430666218	0.182736519308	0.0547640734439	0.00227603709534	1060464	1060464
ALL_	Linner2019risk	covidhgi2020A2v5alleurLeaveUKBB	0.0010355764147	4.5013548787e-4	4.83768924573e-4	0.0323028629436	0.352124562795	0.0834644370509	0.0362796067568	0.0546216423646	0.00281836093304	1041131	1041131
ALL_	Linner2019risk	covidhgi2020B2v5alleurLeaveUKBB	9.67293797742e-4	0.00122263152195	5.14975736581e-4	0.0603361883149	0.0175892296033	0.0930737821877	0.117642582052	0.0545042924568	0.00198167018378	1036410	1036410
ALL_	Linner2019risk	covidhgi2020C2v5alleurLeaveUKBB	0.00134253814853	0.00144133647909	4.53057341582e-4	0.0030437433935	0.00146587614155	0.120201774909	0.12904750842	0.0547085242373	0.0022802187333	1055760	1055760
ALL_	Demontis2018adhd	covidhgi2020A2v5alleur	0.00412866134885	0.00549273433396	0.00104175665487	7.3960293563e-5	1.34526889202e-7	0.175290511728	0.233204937589	0.264795224822	0.00209503632005	996724	996724
ALL_	Demontis2018adhd	covidhgi2020B2v5alleur	0.00520298415632	0.00480349353179	9.47047609657e-4	3.93154828612e-8	3.93507726724e-7	0.263202647517	0.242993669962	0.264824179629	0.00147559394447	994918	994918
ALL_	Demontis2018adhd	covidhgi2020C2v5alleur	0.00463610330728	0.00365676094338	9.44522512632e-4	9.18179650408e-7	1.08147906099e-4	0.193177156407	0.152369917985	0.264323875785	0.00217900525787	1013184	1013184
ALL_	Demontis2018adhd	covidhgi2020A2v5alleurLeaveUKBB	0.00367869993974	0.0050606485779	0.00111267095536	9.45744340782e-4	5.41070412401e-6	0.137603082229	0.189295363526	0.264669826596	0.00270039921876	996321	996321
ALL_	Demontis2018adhd	covidhgi2020B2v5alleurLeaveUKBB	0.00402873593974	0.00448336636858	0.00101598934785	7.32935975525e-5	1.02038274246e-5	0.179117140585	0.199329957622	0.264605136941	0.00191189941082	993136	993136
ALL_	Demontis2018adhd	covidhgi2020C2v5alleurLeaveUKBB	0.00178938635564	0.00194903052523	0.00106304150306	0.092322746965	0.0667360857056	0.074700768171	0.0813653669399	0.264192635549	0.00217188787061	1008955	1008955
ALL_	Grove2019asd	covidhgi2020A2v5alleur	-0.0018806257699	-0.00153330370365	0.0010773561781	0.0808816402572	0.154675390485	-0.0886559098726	-0.0722825546339	0.207372495267	0.0021698925546	1037928	1037928
ALL_	Grove2019asd	covidhgi2020B2v5alleur	-2.72273831384e-4	-0.00198953714554	0.00100914013513	0.787308158642	0.0486647462581	-0.015354436297	-0.112196685251	0.207278605841	0.00151701394353	1035705	1035705
ALL_	Grove2019asd	covidhgi2020C2v5alleur	-0.00179553420248	-0.00127952677057	0.00104475566496	0.0856842464681	0.220683040268	-0.0829766667999	-0.0591305174565	0.207595406638	0.00225557698449	1055105	1055105
ALL_	Grove2019asd	covidhgi2020A2v5alleurLeaveUKBB	-0.0028294375012	-0.00299027615275	0.00117459147743	0.0160020218462	0.0109027323735	-0.117516067256	-0.124196238061	0.207335237511	0.002795970558	1037207	1037207
ALL_	Grove2019asd	covidhgi2020B2v5alleurLeaveUKBB	-9.97049935576e-4	-0.00414035654437	0.0011483891571	0.385276051449	3.11720281824e-4	-0.0493451889715	-0.204911177265	0.207080322277	0.00197153891778	1032947	1032947
ALL_	Grove2019asd	covidhgi2020C2v5alleurLeaveUKBB	-0.00208652472314	-0.00210493705804	0.00119574808806	0.0809929763447	0.0783482105612	-0.0963788965474	-0.0972293827653	0.207401396506	0.00225980775299	1050465	1050465
ALL_	Ripke2014scz	covidhgi2020A2v5alleur	-1.93966514847e-4	-2.37369652682e-4	0.00109198231236	0.859015219228	0.827916114275	-0.00581951502188	-0.00712172542053	0.509344120942	0.00218106515892	1045876	1045876
ALL_	Ripke2014scz	covidhgi2020B2v5alleur	0.00149913951855	0.00113941298958	0.00104193222508	0.150205174586	0.274149017388	0.0538962131984	0.0409635291764	0.508937011059	0.00152020993292	1043086	1043086
ALL_	Ripke2014scz	covidhgi2020C2v5alleur	5.9508051193e-4	-9.28303471629e-4	0.0011705729525	0.611196079874	0.42775835192	0.0174694746134	-0.0272517308264	0.509375641702	0.00227799934445	1062730	1062730
ALL_	Ripke2014scz	covidhgi2020A2v5alleurLeaveUKBB	-5.28401718692e-4	-4.30176445465e-4	0.00126912771303	0.677153682205	0.734644068643	-0.0139708843224	-0.0113738187163	0.509011558238	0.00281030208447	1044693	1044693
ALL_	Ripke2014scz	covidhgi2020B2v5alleurLeaveUKBB	0.00193153609616	0.00206128494726	0.0013081206434300001	0.139790036635	0.115080989671	0.0608538174078	0.0649416068669	0.508327518216	0.00198192119556	1039455	1039455
ALL_	Ripke2014scz	covidhgi2020C2v5alleurLeaveUKBB	4.24756541385e-4	-2.66632728205e-4	0.00122343489903	0.728453385391	0.827477563426	0.0124645818548	-0.00782440090282	0.509124290695	0.00228087195771	1057648	1057648
ALL_	Stahl2019bip	covidhgi2020A2v5alleur	-0.00178418147313	-0.00225698642275	0.00114451459076	0.119020530693	0.0486092424829	-0.0652659448903	-0.0825613053962	0.35989302371	0.00207649726143	541882	541882
ALL_	Stahl2019bip	covidhgi2020B2v5alleur	0.0012498345942	-2.92196228503e-4	9.56891613957e-4	0.19150488788	0.760092138147	0.054754538558	-0.0128009496091	0.359600261567	0.0014489214343	540612	540612
ALL_	Stahl2019bip	covidhgi2020C2v5alleur	4.22125467446e-4	-0.00281285084025	0.00101196112024	0.67657889554	0.00544252787657	0.0150664556455	-0.100395962079	0.36039245736	0.00217813714459	549969	549969
ALL_	Stahl2019bip	covidhgi2020A2v5alleurLeaveUKBB	-0.00264896968144	-0.00325900931042	0.00127803444016	0.0382011042169	0.010771772409	-0.0854951889708	-0.105184147181	0.359637180057	0.00266935317832	541371	541371
ALL_	Stahl2019bip	covidhgi2020B2v5alleurLeaveUKBB	5.20263869742e-4	-8.26619442908e-4	0.00103736655546	0.616002632018	0.425541566165	0.0199559437467	-0.0317069319282	0.359177140338	0.00189231792539	538831	538831
ALL_	Stahl2019bip	covidhgi2020C2v5alleurLeaveUKBB	0.00115355137942	-0.00173224361853	0.0011474347711	0.314737646393	0.131128591566	0.0413301669123	-0.06206391771	0.360174653983	0.00216285009377	547286	547286
ALL_	Astel2016rbc	covidhgi2020A2v5alleur	-6.21785066212e-4	2.20835757326e-4	7.57986964079e-4	0.412038820832	0.770787428686	-0.0297326201877	0.010559960432	0.200525060321	0.00218094921275	1044260	1044260
ALL_	Astel2016rbc	covidhgi2020B2v5alleur	-0.00115846175778	-0.00212894736753	6.19698015658e-4	0.061567568813	5.91550112727e-4	-0.0664687766145	-0.122152091812	0.200223134539	0.00151709849153	1041642	1041642
ALL_	Astel2016rbc	covidhgi2020C2v5alleur	-0.00105458111502	-0.00102984631048	7.40047778431e-4	0.154152111314	0.16404526941	-0.0492672110664	-0.0481116671083	0.201168734552	0.00227763191266	1061878	1061878
ALL_	Astel2016rbc	covidhgi2020A2v5alleurLeaveUKBB	3.88589124474e-4	0.00201541002824	8.40118038008e-4	0.643693333226	0.0164416860712	0.0163663947473	0.0848839919143	0.200330601824	0.00281402495201	1042923	1042923
ALL_	Astel2016rbc	covidhgi2020B2v5alleurLeaveUKBB	-2.34575298833e-4	4.55461685561e-5	7.37570451853e-4	0.75045624868	0.950760633404	-0.0117905180199	0.00228929867624	0.199945945535	0.00197963982363	1038049	1038049
ALL_	Astel2016rbc	covidhgi2020C2v5alleurLeaveUKBB	-8.3632798647e-4	-4.90382131302e-4	8.07832712728e-4	0.300541094129	0.543828177454	-0.0390529087944	-0.0228987298739	0.2008800053	0.00228302030774	1056835	1056835
ALL_	Astel2016wbc	covidhgi2020A2v5alleur	-1.36932925143e-4	9.64581659932e-5	8.52293705945e-4	0.87235803638	0.909891977433	-0.00686915727296	0.00483876548885	0.182206262192	0.00218094921275	1044260	1044260
ALL_	Astel2016wbc	covidhgi2020B2v5alleur	-7.28234513092e-5	-2.1878697067e-4	7.58635868564e-4	0.92352642691	0.773044213696	-0.00438350631888	-0.0131695772609	0.181922101699	0.00151709849153	1041642	1041642
ALL_	Astel2016wbc	covidhgi2020C2v5alleur	-3.45844840566e-4	1.10363672577e-4	8.04156455443e-4	0.667143569853	0.890839875173	-0.0169654110922	0.0054138875452	0.182452697156	0.00227763191266	1061878	1061878
ALL_	Astel2016wbc	covidhgi2020A2v5alleurLeaveUKBB	3.54674133761e-4	0.00151151987683	9.49712734912e-4	0.708810486134	0.111484769478	0.0156703386718	0.0667825085748	0.182043142588	0.00281402495201	1042923	1042923
ALL_	Astel2016wbc	covidhgi2020B2v5alleurLeaveUKBB	2.2213855078e-5	2.40242399333e-4	9.90397378852e-4	0.98210556044	0.808337188271	0.00117117338247	0.0126662167575	0.181726934086	0.00197963982363	1038049	1038049
ALL_	Astel2016wbc	covidhgi2020C2v5alleurLeaveUKBB	7.68352221427e-5	8.76227263364e-4	8.24936840954e-4	0.925791757718	0.288156261095	0.00376456584055	0.0429310299656	0.182465656292	0.00228302030774	1056835	1056835
ALL_	Astel2016plt	covidhgi2020A2v5alleur	-6.99696356271e-5	1.12087813095e-4	8.18885085327e-4	0.931907619593	0.891126784205	-0.00306838439771	0.00491539642579	0.238426289801	0.00218094921275	1044260	1044260
ALL_	Astel2016plt	covidhgi2020B2v5alleur	-1.86551867991e-4	-7.32903407958e-4	6.68081898059e-4	0.780064463283	0.272629898535	-0.00981315304254	-0.0385527809779	0.238214549596	0.00151709849153	1041642	1041642
ALL_	Astel2016plt	covidhgi2020C2v5alleur	-1.85474064899e-4	-0.00176260025136	8.30066109446e-4	0.823189237943	0.0337165271145	-0.00793812432	-0.0754377164775	0.239688417911	0.00227763191266	1061878	1061878
ALL_	Astel2016plt	covidhgi2020A2v5alleurLeaveUKBB	-1.69939024465e-4	3.89314230874e-4	9.21511059244e-4	0.853689127014	0.672679258502	-0.00656336701843	0.0150360530242	0.238234644169	0.00281402495201	1042923	1042923
ALL_	Astel2016plt	covidhgi2020B2v5alleurLeaveUKBB	1.89705706897e-4	-4.07141293203e-4	7.11565359914e-4	0.789774577991	0.567202105565	0.0087410769515	-0.0187598645936	0.237927544758	0.00197963982363	1038049	1038049
ALL_	Astel2016plt	covidhgi2020C2v5alleurLeaveUKBB	4.12115018257e-5	-0.00175174485431	8.58568400315e-4	0.961716039683	0.0413195566538	0.00176184791101	-0.0748894817096	0.239657087075	0.00228302030774	1056835	1056835
ALL_	Mills2021afb	covidhgi2020A2v5alleur	-0.0020768192818	-0.00265473307932	3.74924809896e-4	3.03690980988e-8	1.43419879046e-12	-0.181371287056	-0.231841238959	0.0600122918721	0.00218484248369	1042223	1042223
ALL_	Mills2021afb	covidhgi2020B2v5alleur	-0.00264779036721	-0.00281931535922	3.53300439542e-4	6.65799748259e-14	1.46407630663e-15	-0.276878175583	-0.294814462173	0.0599514795704	0.0015254214209099999	1039694	1039694
ALL_	Mills2021afb	covidhgi2020C2v5alleur	-0.00201306754535	-0.00178768936344	3.61552858041e-4	2.57920246093e-8	7.6349017697e-7	-0.171728165609	-0.152501894818	0.0602444983771	0.00228095249368	1060112	1060112
ALL_	Mills2021afb	covidhgi2020A2v5alleurLeaveUKBB	-0.0020746447255800002	-0.00275003323446	4.14210559247e-4	5.48069552599e-7	3.15356695208e-11	-0.159587861938	-0.211540761045	0.0599560573815	0.00281873788908	1040891	1040891
ALL_	Mills2021afb	covidhgi2020B2v5alleurLeaveUKBB	-0.00182175935827	-0.0023732211117	4.27405094621e-4	2.02268677808e-5	2.81407962653e-8	-0.167026572211	-0.217586908824	0.059860996406	0.00198731604945	1036124	1036124
ALL_	Mills2021afb	covidhgi2020C2v5alleurLeaveUKBB	-1.00632444334e-5	-4.24477786648e-4	3.93404998469e-4	0.979592450917	0.280594760853	-8.58436766209e-4	-0.0362097274799	0.0602020320406	0.00228269702673	1055367	1055367
