SNP,effect_allele.exposure,other_allele.exposure,effect_allele.outcome,other_allele.outcome,beta.exposure,beta.outcome,eaf.exposure,eaf.outcome,remove,palindromic,ambiguous,id.outcome,chr.outcome,pos.outcome,se.outcome,z.outcome,pval.outcome,samplesize.outcome,outcome,mr_keep.outcome,pval_origin.outcome,chr.exposure,pos.exposure,se.exposure,z.exposure,pval.exposure,samplesize.exposure,exposure,mr_keep.exposure,pval_origin.exposure,id.exposure,action,mr_keep,pt,pleitropy_keep
rs1000940,G,A,G,A,0.0192,-0.0012997,0.316697,0.316697,FALSE,FALSE,FALSE,JrQm5l,17,5283252,0.027542,-0.047189746568876624,0.9624,14,covidhgi2020anaC2v2woUKBB,TRUE,reported,17,5283252,0.0034,5.647058823529411,1.284e-8,321836,Locke2015bmi,TRUE,reported,wZUFCQ,2,TRUE,5e-8,TRUE
rs10132280,A,C,A,C,-0.023,0.011853,0.274211,0.274211,FALSE,FALSE,FALSE,JrQm5l,14,25928179,0.028155,0.42099094299413964,0.6738,14,covidhgi2020anaC2v2woUKBB,TRUE,reported,14,25928179,0.0034,-6.764705882352941,1.1410000000000001e-11,321797,Locke2015bmi,TRUE,reported,wZUFCQ,2,TRUE,5e-8,TRUE
rs1016287,C,T,C,T,-0.0229,-0.11710999999999999,0.757455,0.757455,FALSE,FALSE,FALSE,JrQm5l,2,59305625,0.034938,-3.351937718243746,8.023999999999999e-4,12,covidhgi2020anaC2v2woUKBB,TRUE,reported,2,59305625,0.0034,-6.73529,2.2530000000000002e-11,321969,Locke2015bmi,TRUE,reported,wZUFCQ,2,TRUE,5e-8,TRUE
rs10182181,G,A,G,A,0.0307,-0.01444,0.441582,0.441582,FALSE,FALSE,FALSE,JrQm5l,2,25150296,0.026141,-0.552388967522283,0.5807,14,covidhgi2020anaC2v2woUKBB,TRUE,reported,2,25150296,0.0031,9.90323,8.777000000000002e-24,321759,Locke2015bmi,TRUE,reported,wZUFCQ,2,TRUE,5e-8,TRUE
rs10733682,G,A,G,A,-0.0174,-0.015406,0.506361,0.506361,FALSE,FALSE,FALSE,JrQm5l,9,129460914,0.032188,-0.4786255747483534,0.6322,12,covidhgi2020anaC2v2woUKBB,TRUE,reported,9,129460914,0.0031,-5.6129,1.8300000000000002e-8,320727,Locke2015bmi,TRUE,reported,wZUFCQ,2,TRUE,5e-8,TRUE
rs10938397,G,A,G,A,0.0402,0.028619,0.42029300000000003,0.42029300000000003,FALSE,FALSE,FALSE,JrQm5l,4,45182527,0.026724,1.0709100434066756,0.2842,14,covidhgi2020anaC2v2woUKBB,TRUE,reported,4,45182527,0.0031,12.9677,3.205e-38,320955,Locke2015bmi,TRUE,reported,wZUFCQ,2,TRUE,5e-8,TRUE
rs10968576,G,A,G,A,0.0249,-0.010015999999999999,0.373319,0.373319,FALSE,FALSE,FALSE,JrQm5l,9,28414339,0.029435000000000003,-0.3402751826057414,0.7336,14,covidhgi2020anaC2v2woUKBB,TRUE,reported,9,28414339,0.0033,7.545454545454545,6.607e-14,322061,Locke2015bmi,TRUE,reported,wZUFCQ,2,TRUE,5e-8,TRUE
rs11030104,G,A,G,A,-0.0414,-0.019711000000000003,0.180928,0.180928,FALSE,FALSE,FALSE,JrQm5l,11,27684517,0.032693,-0.6029119383354236,0.5466,14,covidhgi2020anaC2v2woUKBB,TRUE,reported,11,27684517,0.0038,-10.8947,5.556999999999999e-28,322103,Locke2015bmi,TRUE,reported,wZUFCQ,2,TRUE,5e-8,TRUE
rs11057405,A,G,A,G,-0.0307,-0.053208000000000005,0.120877,0.120877,FALSE,FALSE,FALSE,JrQm5l,12,122781897,0.06500800000000001,-0.8184838789072114,0.4131,12,covidhgi2020anaC2v2woUKBB,TRUE,reported,12,122781897,0.0055,-5.581818181818182,2.019e-8,314111,Locke2015bmi,TRUE,reported,wZUFCQ,2,TRUE,5e-8,TRUE
rs11165643,T,C,T,C,0.0218,0.01878,0.581547,0.581547,FALSE,FALSE,FALSE,JrQm5l,1,96924097,0.026063,0.720561715842382,0.4712,14,covidhgi2020anaC2v2woUKBB,TRUE,reported,1,96924097,0.0031,7.03226,2.07e-12,320730,Locke2015bmi,TRUE,reported,wZUFCQ,2,TRUE,5e-8,TRUE
rs1167827,G,A,G,A,0.0202,0.022557,0.537873,0.537873,FALSE,FALSE,FALSE,JrQm5l,7,75163169,0.027795999999999998,0.81152,0.4171,12,covidhgi2020anaC2v2woUKBB,TRUE,reported,7,75163169,0.0033,6.12121,6.333e-10,306238,Locke2015bmi,TRUE,reported,wZUFCQ,2,TRUE,5e-8,TRUE
rs11727676,C,T,C,T,-0.0358,-0.042678,0.119703,0.119703,FALSE,FALSE,FALSE,JrQm5l,4,145659064,0.046129,-0.9251880595720696,0.3549,14,covidhgi2020anaC2v2woUKBB,TRUE,reported,4,145659064,0.0064,-5.593749999999999,2.5499999999999997e-8,296401,Locke2015bmi,TRUE,reported,wZUFCQ,2,TRUE,5e-8,TRUE
rs12286929,G,A,G,A,0.0217,0.05266900000000001,0.584124,0.584124,FALSE,FALSE,FALSE,JrQm5l,11,115022404,0.03084,1.707814526588846,0.08767,13,covidhgi2020anaC2v2woUKBB,TRUE,reported,11,115022404,0.0031,7,1.31e-12,321903,Locke2015bmi,TRUE,reported,wZUFCQ,2,TRUE,5e-8,TRUE
rs12429545,A,G,A,G,0.0334,0.047415,0.13087,0.13087,FALSE,FALSE,FALSE,JrQm5l,13,54102206,0.038417,1.23421922586355,0.2171,14,covidhgi2020anaC2v2woUKBB,TRUE,reported,13,54102206,0.0047,7.10638,1.094e-12,312934,Locke2015bmi,TRUE,reported,wZUFCQ,2,TRUE,5e-8,TRUE
rs12940622,A,G,A,G,-0.0182,0.0039346,0.452779,0.452779,FALSE,FALSE,FALSE,JrQm5l,17,78615571,0.026673000000000002,0.14751246578937502,0.8827,14,covidhgi2020anaC2v2woUKBB,TRUE,reported,17,78615571,0.0031,-5.870967741935484,2.4940000000000003e-9,322032,Locke2015bmi,TRUE,reported,wZUFCQ,2,TRUE,5e-8,TRUE
rs12986742,C,T,C,T,0.0212,-0.008657,0.407603,0.407603,FALSE,FALSE,FALSE,JrQm5l,2,58975143,0.026467,-0.32708656062266217,0.7436,14,covidhgi2020anaC2v2woUKBB,TRUE,reported,2,58975143,0.0037,5.72972972972973,1.006e-8,233833,Locke2015bmi,TRUE,reported,wZUFCQ,2,TRUE,5e-8,TRUE
rs13021737,G,A,G,A,0.0601,0.049138999999999995,0.835036,0.835036,FALSE,FALSE,FALSE,JrQm5l,2,632348,0.035544,1.382483682196714,0.1668,13,covidhgi2020anaC2v2woUKBB,TRUE,reported,2,632348,0.004,15.025,1.113e-50,318287,Locke2015bmi,TRUE,reported,wZUFCQ,2,TRUE,5e-8,TRUE
rs13078960,G,T,G,T,0.0297,0.0078221,0.176044,0.176044,FALSE,FALSE,FALSE,JrQm5l,3,85807590,0.032601,0.23993435784178402,0.8104,14,covidhgi2020anaC2v2woUKBB,TRUE,reported,3,85807590,0.0039,7.61538,1.737e-14,322135,Locke2015bmi,TRUE,reported,wZUFCQ,2,TRUE,5e-8,TRUE
rs13107325,T,C,T,C,0.0477,0.11685999999999999,0.0473169,0.0473169,FALSE,FALSE,FALSE,JrQm5l,4,103188709,0.06018300000000001,1.9417443464101154,0.052160000000000005,13,covidhgi2020anaC2v2woUKBB,TRUE,reported,4,103188709,0.0068,7.01471,1.825e-12,321461,Locke2015bmi,TRUE,reported,wZUFCQ,2,TRUE,5e-8,TRUE
rs13191362,G,A,G,A,-0.0277,-0.033563,0.0820485,0.0820485,FALSE,FALSE,FALSE,JrQm5l,6,163033350,0.040064999999999996,-0.8377137152127794,0.4022,14,covidhgi2020anaC2v2woUKBB,TRUE,reported,6,163033350,0.0048,-5.77083,7.3389999999999996e-9,321902,Locke2015bmi,TRUE,reported,wZUFCQ,2,TRUE,5e-8,TRUE
rs1516725,C,T,C,T,0.0451,-0.0034811,0.887015,0.887015,FALSE,FALSE,FALSE,JrQm5l,3,185824004,0.037473,-0.09289621861073306,0.9259999999999999,14,covidhgi2020anaC2v2woUKBB,TRUE,reported,3,185824004,0.0046,9.80435,1.886e-22,320644,Locke2015bmi,TRUE,reported,wZUFCQ,2,TRUE,5e-8,TRUE
rs1528435,T,C,T,C,0.0178,0.018519,0.641691,0.641691,FALSE,FALSE,FALSE,JrQm5l,2,181550962,0.02698,0.6863973313565604,0.4925,14,covidhgi2020anaC2v2woUKBB,TRUE,reported,2,181550962,0.0031,5.741935483870968,1.196e-8,321924,Locke2015bmi,TRUE,reported,wZUFCQ,2,TRUE,5e-8,TRUE
rs1558902,A,T,A,T,0.0818,-0.0064686000000000006,0.445131,0.445131,FALSE,TRUE,TRUE,JrQm5l,16,53803574,0.026683999999999996,-0.2424149302953081,0.8085,14,covidhgi2020anaC2v2woUKBB,TRUE,reported,16,53803574,0.0031,26.387096774193548,7.509999999999997e-153,320073,Locke2015bmi,TRUE,reported,wZUFCQ,2,FALSE,5e-8,TRUE
rs16851483,T,G,T,G,0.0483,-0.07764700000000001,0.0554943,0.0554943,FALSE,FALSE,FALSE,JrQm5l,3,141275436,0.05204299999999999,-1.4919777875987168,0.1357,14,covidhgi2020anaC2v2woUKBB,TRUE,reported,3,141275436,0.0077,6.27273,3.5480000000000006e-10,233929,Locke2015bmi,TRUE,reported,wZUFCQ,2,TRUE,5e-8,TRUE
rs16951275,C,T,C,T,-0.0311,0.020791999999999998,0.175254,0.175254,FALSE,FALSE,FALSE,JrQm5l,15,68077168,0.030695999999999998,0.6773520979932238,0.4982,14,covidhgi2020anaC2v2woUKBB,TRUE,reported,15,68077168,0.0037,-8.405405405405405,1.9109999999999998e-17,322098,Locke2015bmi,TRUE,reported,wZUFCQ,2,TRUE,5e-8,TRUE
rs17001654,G,C,G,C,0.0306,0.0038826,0.126495,0.126495,FALSE,TRUE,FALSE,JrQm5l,4,77129568,0.035396,0.10969036049271105,0.9127,13,covidhgi2020anaC2v2woUKBB,TRUE,reported,4,77129568,0.0053,5.77358,7.76e-9,233722,Locke2015bmi,TRUE,reported,wZUFCQ,2,TRUE,5e-8,TRUE
rs17024393,C,T,C,T,0.0658,0.14583,0.0632705,0.0632705,FALSE,FALSE,FALSE,JrQm5l,1,110154688,0.076171,1.914508146144858,0.055560000000000005,15,covidhgi2020anaC2v2woUKBB,TRUE,reported,1,110154688,0.0088,7.477272727272727,7.029e-14,297874,Locke2015bmi,TRUE,reported,wZUFCQ,2,TRUE,5e-8,TRUE
rs17066856,C,T,C,T,-0.0395,-0.05032,0.0762074,0.0762074,FALSE,FALSE,FALSE,JrQm5l,18,58049656,0.045777,-1.0992419774122375,0.2717,13,covidhgi2020anaC2v2woUKBB,TRUE,reported,18,58049656,0.0055,-7.1818181818181825,6.225e-13,319773,Locke2015bmi,TRUE,reported,wZUFCQ,2,TRUE,5e-8,TRUE
rs17094222,C,T,C,T,0.0249,-0.014436000000000001,0.214832,0.214832,FALSE,FALSE,FALSE,JrQm5l,10,102395440,0.032526,-0.44382955174322086,0.6572,14,covidhgi2020anaC2v2woUKBB,TRUE,reported,10,102395440,0.0038,6.552631578947368,5.942e-11,321770,Locke2015bmi,TRUE,reported,wZUFCQ,2,TRUE,5e-8,TRUE
rs17405819,C,T,C,T,-0.0224,-0.019041,0.310683,0.310683,FALSE,FALSE,FALSE,JrQm5l,8,76806584,0.028707,-0.6632876998641446,0.5071,14,covidhgi2020anaC2v2woUKBB,TRUE,reported,8,76806584,0.0033,-6.787878787878788,2.0699999999999997e-11,322085,Locke2015bmi,TRUE,reported,wZUFCQ,2,TRUE,5e-8,TRUE
rs17724992,G,A,G,A,-0.0194,0.031612,0.25347,0.25347,FALSE,FALSE,FALSE,JrQm5l,19,18454825,0.030056,1.0517700292786798,0.2929,14,covidhgi2020anaC2v2woUKBB,TRUE,reported,19,18454825,0.0035,-5.54286,3.415e-8,319588,Locke2015bmi,TRUE,reported,wZUFCQ,2,TRUE,5e-8,TRUE
rs1808579,T,C,T,C,-0.0167,4.5374e-4,0.47176,0.47176,FALSE,FALSE,FALSE,JrQm5l,18,21104888,0.026550999999999998,0.017089375164777224,0.9864,14,covidhgi2020anaC2v2woUKBB,TRUE,reported,18,21104888,0.0031,-5.387096774193548,4.169e-8,322032,Locke2015bmi,TRUE,reported,wZUFCQ,2,TRUE,5e-8,TRUE
rs1928295,C,T,C,T,-0.0188,0.047687,0.483267,0.483267,FALSE,FALSE,FALSE,JrQm5l,9,120378483,0.026285000000000003,1.8142286475175955,0.06965,14,covidhgi2020anaC2v2woUKBB,TRUE,reported,9,120378483,0.0031,-6.064516129032259,7.910000000000001e-10,321979,Locke2015bmi,TRUE,reported,wZUFCQ,2,TRUE,5e-8,TRUE
rs2033732,C,T,C,T,0.0192,0.015602000000000001,0.732202,0.732202,FALSE,FALSE,FALSE,JrQm5l,8,85079709,0.031002,0.5032578543319787,0.6148,14,covidhgi2020anaC2v2woUKBB,TRUE,reported,8,85079709,0.0035,5.485714285714285,4.8889999999999996e-8,321406,Locke2015bmi,TRUE,reported,wZUFCQ,2,TRUE,5e-8,TRUE
rs205262,G,A,G,A,0.0221,0.0078581,0.263455,0.263455,FALSE,FALSE,FALSE,JrQm5l,6,34563164,0.029479000000000002,0.26656603005529356,0.7898,14,covidhgi2020anaC2v2woUKBB,TRUE,reported,6,34563164,0.0035,6.31429,1.753e-10,315542,Locke2015bmi,TRUE,reported,wZUFCQ,2,TRUE,5e-8,TRUE
rs2112347,G,T,G,T,-0.0261,0.005895,0.389393,0.389393,FALSE,FALSE,FALSE,JrQm5l,5,75015242,0.027226,0.21652097259972086,0.8286,14,covidhgi2020anaC2v2woUKBB,TRUE,reported,5,75015242,0.0031,-8.419354838709678,6.191e-17,322019,Locke2015bmi,TRUE,reported,wZUFCQ,2,TRUE,5e-8,TRUE
rs2121279,T,C,T,C,0.0245,0.0396,0.16975,0.16975,FALSE,FALSE,FALSE,JrQm5l,2,143043285,0.039800999999999996,0.9949498756312657,0.3198,14,covidhgi2020anaC2v2woUKBB,TRUE,reported,2,143043285,0.0044,5.568181818181818,2.3130000000000003e-8,322065,Locke2015bmi,TRUE,reported,wZUFCQ,2,TRUE,5e-8,TRUE
rs2176598,C,T,C,T,-0.0198,-0.025301,0.791516,0.791516,FALSE,FALSE,FALSE,JrQm5l,11,43864278,0.030501999999999998,-0.8294865910432103,0.4068,14,covidhgi2020anaC2v2woUKBB,TRUE,reported,11,43864278,0.0036,-5.5,2.971e-8,316848,Locke2015bmi,TRUE,reported,wZUFCQ,2,TRUE,5e-8,TRUE
rs2207139,G,A,G,A,0.0447,0.042795,0.223269,0.223269,FALSE,FALSE,FALSE,JrQm5l,6,50845490,0.034674,1.2342100709465305,0.2171,14,covidhgi2020anaC2v2woUKBB,TRUE,reported,6,50845490,0.004,11.174999999999999,4.126e-29,322019,Locke2015bmi,TRUE,reported,wZUFCQ,2,TRUE,5e-8,TRUE
rs2245368,T,C,T,C,-0.0317,0.014028,0.834185,0.834185,FALSE,FALSE,FALSE,JrQm5l,7,76608143,0.03463,0.40508229858504186,0.6854,13,covidhgi2020anaC2v2woUKBB,TRUE,reported,7,76608143,0.0057,-5.56140350877193,3.187e-8,205675,Locke2015bmi,TRUE,reported,wZUFCQ,2,TRUE,5e-8,TRUE
rs2287019,T,C,T,C,-0.036,0.013519999999999999,0.21526,0.21526,FALSE,FALSE,FALSE,JrQm5l,19,46202172,0.033375999999999996,0.40508149568552254,0.6854,14,covidhgi2020anaC2v2woUKBB,TRUE,reported,19,46202172,0.0042,-8.57143,4.585e-18,300921,Locke2015bmi,TRUE,reported,wZUFCQ,2,TRUE,5e-8,TRUE
rs2303223,A,G,A,G,-0.0184,0.033365,0.348094,0.348094,FALSE,FALSE,FALSE,JrQm5l,16,31075175,0.027417,1.216945690629901,0.2236,13,covidhgi2020anaC2v2woUKBB,TRUE,reported,16,31075175,0.0031,-5.935483870967742,3.674e-9,322046,Locke2015bmi,TRUE,reported,wZUFCQ,2,TRUE,5e-8,TRUE
rs2365389,T,C,T,C,-0.02,-0.02913,0.415122,0.415122,FALSE,FALSE,FALSE,JrQm5l,3,61236462,0.02659,-1.0955246333207973,0.2733,14,covidhgi2020anaC2v2woUKBB,TRUE,reported,3,61236462,0.0031,-6.45161,1.629e-10,316768,Locke2015bmi,TRUE,reported,wZUFCQ,2,TRUE,5e-8,TRUE
rs2820292,C,A,C,A,0.0195,0.018236000000000002,0.544408,0.544408,FALSE,FALSE,FALSE,JrQm5l,1,201784287,0.025331,0.7199084126169517,0.4716,15,covidhgi2020anaC2v2woUKBB,TRUE,reported,1,201784287,0.0031,6.29032,1.8340000000000003e-10,321707,Locke2015bmi,TRUE,reported,wZUFCQ,2,TRUE,5e-8,TRUE
rs29941,G,A,G,A,0.0182,0.020013999999999997,0.66885,0.66885,FALSE,FALSE,FALSE,JrQm5l,19,34309532,0.028169,0.7104973552486775,0.4774,14,covidhgi2020anaC2v2woUKBB,TRUE,reported,19,34309532,0.0033,5.51515,2.407e-8,321970,Locke2015bmi,TRUE,reported,wZUFCQ,2,TRUE,5e-8,TRUE
rs3101336,C,T,C,T,0.0334,-0.0091446,0.615971,0.615971,FALSE,FALSE,FALSE,JrQm5l,1,72751185,0.030612999999999998,-0.2987162316662856,0.7652,14,covidhgi2020anaC2v2woUKBB,TRUE,reported,1,72751185,0.0031,10.7742,2.6610000000000004e-26,316872,Locke2015bmi,TRUE,reported,wZUFCQ,2,TRUE,5e-8,TRUE
rs3736485,G,A,G,A,-0.0176,-0.013759,0.634664,0.634664,FALSE,FALSE,FALSE,JrQm5l,15,51748610,0.026494999999999998,-0.5193055293451595,0.6035,14,covidhgi2020anaC2v2woUKBB,TRUE,reported,15,51748610,0.0031,-5.67742,7.412e-9,321398,Locke2015bmi,TRUE,reported,wZUFCQ,2,TRUE,5e-8,TRUE
rs3817334,T,C,T,C,0.0262,0.031499,0.433248,0.433248,FALSE,FALSE,FALSE,JrQm5l,11,47650993,0.026706,1.1794727776529619,0.2382,14,covidhgi2020anaC2v2woUKBB,TRUE,reported,11,47650993,0.0031,8.45161,5.1449999999999997e-17,321959,Locke2015bmi,TRUE,reported,wZUFCQ,2,TRUE,5e-8,TRUE
rs3849570,A,C,A,C,0.0188,-0.0027928000000000002,0.367199,0.367199,FALSE,FALSE,FALSE,JrQm5l,3,81792112,0.027573,-0.1012874913865013,0.9193,14,covidhgi2020anaC2v2woUKBB,TRUE,reported,3,81792112,0.0034,5.529411764705883,2.6010000000000003e-8,284339,Locke2015bmi,TRUE,reported,wZUFCQ,2,TRUE,5e-8,TRUE
rs3888190,A,C,A,C,0.0309,-0.01789,0.406285,0.406285,FALSE,FALSE,FALSE,JrQm5l,16,28889486,0.027906,-0.6410807711603239,0.5215,14,covidhgi2020anaC2v2woUKBB,TRUE,reported,16,28889486,0.0031,9.967741935483872,3.14e-23,321930,Locke2015bmi,TRUE,reported,wZUFCQ,2,TRUE,5e-8,TRUE
rs4256980,G,C,G,C,0.0209,0.021449,0.655657,0.655657,FALSE,TRUE,FALSE,JrQm5l,11,8673939,0.027415,0.7823819077147547,0.434,14,covidhgi2020anaC2v2woUKBB,TRUE,reported,11,8673939,0.0031,6.741935483870967,2.8999999999999997e-11,320028,Locke2015bmi,TRUE,reported,wZUFCQ,2,TRUE,5e-8,TRUE
rs4740619,C,T,C,T,-0.0179,-0.0088622,0.430959,0.430959,FALSE,FALSE,FALSE,JrQm5l,9,15634326,0.026061,-0.3400560224089636,0.7338,14,covidhgi2020anaC2v2woUKBB,TRUE,reported,9,15634326,0.0031,-5.77419,4.5639999999999995e-9,321887,Locke2015bmi,TRUE,reported,wZUFCQ,2,TRUE,5e-8,TRUE
rs543874,G,A,G,A,0.0482,-0.026728,0.162196,0.162196,FALSE,FALSE,FALSE,JrQm5l,1,177889480,0.033267000000000005,-0.8034388432981632,0.4217,15,covidhgi2020anaC2v2woUKBB,TRUE,reported,1,177889480,0.0039,12.35897435897436,2.618e-35,322008,Locke2015bmi,TRUE,reported,wZUFCQ,2,TRUE,5e-8,TRUE
rs6477694,T,C,T,C,-0.0174,0.026316000000000003,0.571221,0.571221,FALSE,FALSE,FALSE,JrQm5l,9,111932342,0.0277,0.9500361010830326,0.3421,14,covidhgi2020anaC2v2woUKBB,TRUE,reported,9,111932342,0.0031,-5.6129,2.6730000000000002e-8,322048,Locke2015bmi,TRUE,reported,wZUFCQ,2,TRUE,5e-8,TRUE
rs6567160,C,T,C,T,0.0556,0.045771,0.198839,0.198839,FALSE,FALSE,FALSE,JrQm5l,18,57829135,0.035992,1.2716992665036673,0.2035,13,covidhgi2020anaC2v2woUKBB,TRUE,reported,18,57829135,0.0036,15.444444444444445,3.9299999999999985e-53,321958,Locke2015bmi,TRUE,reported,wZUFCQ,2,TRUE,5e-8,TRUE
rs657452,G,A,G,A,-0.0227,-0.009281600000000001,0.607195,0.607195,FALSE,FALSE,FALSE,JrQm5l,1,49589847,0.025768,-0.3601986960571252,0.7187,15,covidhgi2020anaC2v2woUKBB,TRUE,reported,1,49589847,0.0031,-7.32258,5.482e-13,313651,Locke2015bmi,TRUE,reported,wZUFCQ,2,TRUE,5e-8,TRUE
rs6656785,G,A,G,A,0.0217,0.03136,0.352236,0.352236,FALSE,FALSE,FALSE,JrQm5l,1,75005776,0.025693999999999998,1.220518408967074,0.2223,15,covidhgi2020anaC2v2woUKBB,TRUE,reported,1,75005776,0.0031,7,3.829e-12,321410,Locke2015bmi,TRUE,reported,wZUFCQ,2,TRUE,5e-8,TRUE
rs6804842,G,A,G,A,0.0185,0.0080149,0.610788,0.610788,FALSE,FALSE,FALSE,JrQm5l,3,25106437,0.026489,0.3025746536298086,0.7622,14,covidhgi2020anaC2v2woUKBB,TRUE,reported,3,25106437,0.0031,5.96774,2.4759999999999997e-9,321463,Locke2015bmi,TRUE,reported,wZUFCQ,2,TRUE,5e-8,TRUE
rs7138803,A,G,A,G,0.0315,0.018952,0.449365,0.449365,FALSE,FALSE,FALSE,JrQm5l,12,50247468,0.027242000000000002,0.6956904779384773,0.4866,14,covidhgi2020anaC2v2woUKBB,TRUE,reported,12,50247468,0.0031,10.1613,8.152999999999999e-24,322092,Locke2015bmi,TRUE,reported,wZUFCQ,2,TRUE,5e-8,TRUE
rs7141420,T,C,T,C,0.0235,0.018165999999999998,0.548434,0.548434,FALSE,FALSE,FALSE,JrQm5l,14,79899454,0.02632,0.6901975683890577,0.4901,14,covidhgi2020anaC2v2woUKBB,TRUE,reported,14,79899454,0.0031,7.580645161290323,1.23e-14,321970,Locke2015bmi,TRUE,reported,wZUFCQ,2,TRUE,5e-8,TRUE
rs758747,T,C,T,C,0.0225,-0.024378,0.245173,0.245173,FALSE,FALSE,FALSE,JrQm5l,16,3627358,0.029969,-0.8134405552404151,0.41600000000000004,14,covidhgi2020anaC2v2woUKBB,TRUE,reported,16,3627358,0.0037,6.08108,7.472999999999999e-10,308688,Locke2015bmi,TRUE,reported,wZUFCQ,2,TRUE,5e-8,TRUE
rs7599312,A,G,A,G,-0.022,-0.038758,0.312887,0.312887,FALSE,FALSE,FALSE,JrQm5l,2,213413231,0.030318,-1.2783824790553466,0.2011,14,covidhgi2020anaC2v2woUKBB,TRUE,reported,2,213413231,0.0034,-6.47059,1.173e-10,322024,Locke2015bmi,TRUE,reported,wZUFCQ,2,TRUE,5e-8,TRUE
rs7899106,G,A,G,A,0.0395,0.070362,0.0391304,0.0391304,FALSE,FALSE,FALSE,JrQm5l,10,87410904,0.057463,1.2244748794876703,0.2208,14,covidhgi2020anaC2v2woUKBB,TRUE,reported,10,87410904,0.0071,5.56338,2.96e-8,321770,Locke2015bmi,TRUE,reported,wZUFCQ,2,TRUE,5e-8,TRUE
rs7903146,T,C,T,C,-0.0234,0.041437,0.227207,0.227207,FALSE,FALSE,FALSE,JrQm5l,10,114758349,0.028486,1.4546443867162817,0.1458,14,covidhgi2020anaC2v2woUKBB,TRUE,reported,10,114758349,0.0034,-6.882352941176471,1.112e-11,322130,Locke2015bmi,TRUE,reported,wZUFCQ,2,TRUE,5e-8,TRUE
rs879620,T,C,T,C,0.0244,0.03215,0.590777,0.590777,FALSE,FALSE,FALSE,JrQm5l,16,4015729,0.027063,1.1879688135092192,0.2349,14,covidhgi2020anaC2v2woUKBB,TRUE,reported,16,4015729,0.004,6.1,1.061e-9,233835,Locke2015bmi,TRUE,reported,wZUFCQ,2,TRUE,5e-8,TRUE
rs9400239,C,T,C,T,0.0188,0.026337,0.652712,0.652712,FALSE,FALSE,FALSE,JrQm5l,6,108977663,0.028234,0.9328115038605936,0.3509,14,covidhgi2020anaC2v2woUKBB,TRUE,reported,6,108977663,0.0033,5.696969696969697,1.6130000000000003e-8,321988,Locke2015bmi,TRUE,reported,wZUFCQ,2,TRUE,5e-8,TRUE
rs9579083,C,G,C,G,0.0295,0.0043016999999999994,0.212518,0.212518,FALSE,TRUE,FALSE,JrQm5l,13,28017270,0.034036000000000004,0.12638676695263834,0.8994,14,covidhgi2020anaC2v2woUKBB,TRUE,reported,13,28017270,0.0047,6.2766,3.461e-10,233807,Locke2015bmi,TRUE,reported,wZUFCQ,2,TRUE,5e-8,TRUE
rs9926784,C,T,C,T,-0.0265,0.0021364,0.171268,0.171268,FALSE,FALSE,FALSE,JrQm5l,16,19941968,0.034588,0.06176708685093096,0.9507,14,covidhgi2020anaC2v2woUKBB,TRUE,reported,16,19941968,0.0042,-6.30952,1.849e-10,316274,Locke2015bmi,TRUE,reported,wZUFCQ,2,TRUE,5e-8,TRUE
