outcome,exposure,pt,outliers_removed,nsnp,n_outliers,RSSobs,MRPRESSO.pval,egger_intercept,egger_se,Egger.pval,Isq,snp_r2.exposure,snp_r2.outcome,correct_causal_direction,steiger_pval,F,exposure.name,exposure.domain,outcome.name,outcome.domain,Egger_b,IVW_b,MRPRESSO_corrected_b,MRPRESSO_Raw_b,WMBE_b,WME_b,Egger_se,IVW_se,MRPRESSO_corrected_se,MRPRESSO_Raw_se,WMBE_se,WME_se,Egger_or,IVW_or,MRPRESSO_corrected_or,MRPRESSO_Raw_or,WMBE_or,WME_or,Egger_or_lci95,IVW_or_lci95,MRPRESSO_corrected_or_lci95,MRPRESSO_Raw_or_lci95,WMBE_or_lci95,WME_or_lci95,Egger_or_uci95,IVW_or_uci95,MRPRESSO_corrected_or_uci95,MRPRESSO_Raw_or_uci95,WMBE_or_uci95,WME_or_uci95,Egger_MR.pval,IVW_MR.pval,MRPRESSO_corrected_MR.pval,MRPRESSO_Raw_MR.pval,WMBE_MR.pval,WME_MR.pval,fdr,IVW_Signif,Egger_Signif,WME_Signif,WMBE_Signif,MRPRESSO_Raw_Signif,MRPRESSO_corrected_Signif,MRPRESSO.pval_rm,pass
covidhgi2020A2v5alleur,Allen2020ipf,5e-8,FALSE,15,6,190.1,<1e-04,0.0888,0.036,0.028,0.9678706026490249,0.12382685286484957,0.007692668367252276,TRUE,6.302325914641451e-192,124.96,Idiopathic pulmonary fibrosis,Diagnosis,"COVID: A2, EUR",Diagnosis,-0.16,0.034,0.078,0.034,-0.11,-0.055,0.096,0.021,0.025,0.063,0.036,0.043,0.85,1,1.1,1,0.9,0.95,0.7,0.99,1,0.91,0.84,0.87,1,1.1,1.1,1.2,0.96,1,0.11,0.1,0.015,0.6,0.01,0.2,0.28043478260869564,., , ,**, ,*,1e-4,FALSE
covidhgi2020A2v5alleur,Astel2016plt,5e-8,FALSE,215,0,211,0.5808,0.00436,0.0045,0.34,0.9554141448010662,0.12913642226613053,0.013223148808107892,TRUE,0,116.5,Platelet count,Health,"COVID: A2, EUR",Diagnosis,-0.093,-0.008,NA,-0.008,-0.09,-0.13,0.1,0.05,NA,0.049,0.12,0.088,0.91,0.99,NA,0.99,0.91,0.87,0.75,0.9,NA,0.9,0.73,0.74,1.1,1.1,NA,1.1,1.2,1,0.36,0.87,NA,0.87,0.45,0.12,0.943109243697479, , , , , ,,0.5808,FALSE
covidhgi2020A2v5alleur,Astel2016rbc,5e-8,FALSE,174,1,231.8,0.0033,0.00963,0.006,0.11,0.9487442418929583,0.08560299733119305,0.015128940861686157,TRUE,0,101.28,Red blood cell count,Health,"COVID: A2, EUR",Diagnosis,-0.36,-0.14,-0.098,-0.14,-0.18,-0.097,0.15,0.062,0.068,0.072,0.13,0.11,0.7,0.87,0.91,0.87,0.84,0.91,0.52,0.77,0.79,0.75,0.65,0.72,0.94,0.98,1,1,1.1,1.1,0.02,0.022,0.15,0.049,0.17,0.4,0.13514285714285715,*,*, , ,*, ,0.0033,FALSE
covidhgi2020A2v5alleur,Astel2016wbc,5e-8,FALSE,163,1,205.7,0.0152,0.0106,0.0062,0.089,0.9168889917532205,0.0716504047591628,0.013169308134196325,TRUE,0,78.71,White blood cell count,Health,"COVID: A2, EUR",Diagnosis,-0.39,-0.12,-0.098,-0.12,-0.043,-0.13,0.17,0.069,0.074,0.077,0.26,0.12,0.68,0.89,0.91,0.89,0.96,0.88,0.48,0.77,0.78,0.76,0.57,0.7,0.95,1,1,1,1.6,1.1,0.027,0.079,0.19,0.12,0.87,0.26,0.24856097560975612,.,*, , , , ,0.0152,FALSE
covidhgi2020A2v5alleur,Betham2015lupus,5e-8,FALSE,42,0,58.5,0.0605,6.67e-4,0.014,0.96,0.9322937621239239,0.2216556681990348,0.003817051520783395,TRUE,0,111.76,Lupus,Diagnosis,"COVID: A2, EUR",Diagnosis,-0.043,-0.041,NA,-0.041,-0.048,-0.043,0.038,0.015,NA,0.018,0.03,0.023,0.96,0.96,NA,0.96,0.95,0.96,0.89,0.93,NA,0.93,0.9,0.92,1,0.99,NA,0.99,1,1,0.27,0.0071,NA,0.027,0.12,0.062,0.06910714285714285,**, ,., ,*,,0.0605,FALSE
covidhgi2020A2v5alleur,Dashti2019slepdur,5e-8,FALSE,67,0,73.1,0.3167,0.00328,0.015,0.82,0.9453609736831119,0.006441499636095464,0.00450440942861511,TRUE,1.601499901909779e-14,41.07,Sleep duration,Health,"COVID: A2, EUR",Diagnosis,-0.007,0.18,NA,0.18,-0.019,0.038,0.86,0.23,NA,0.23,0.55,0.36,0.99,1.2,NA,1.2,0.98,1,0.18,0.77,NA,0.76,0.33,0.51,5.4,1.9,NA,1.9,2.9,2.1,0.99,0.43,NA,0.45,0.97,0.91,0.6683132530120481, , , , , ,,0.3167,FALSE
covidhgi2020A2v5alleur,Day2018sociso,5e-8,FALSE,15,0,9.2,0.8947,-0.00148,0.038,0.97,0.4291072976034647,0.0012764604247813773,4.7080484754677876e-4,TRUE,2.378919867809463e-16,38.54,Social isolation,Neurpsychatric,"COVID: A2, EUR",Diagnosis,0.73,0.63,NA,0.63,0.43,0.4,2.7,0.53,NA,0.39,1.1,0.72,2.1,1.9,NA,1.9,1.5,1.5,0.01,0.67,NA,0.86,0.17,0.36,430,5.2,NA,4.1,14,6.1,0.79,0.23,NA,0.13,0.7,0.58,0.4495454545454546, , , , , ,,0.8947,FALSE
covidhgi2020A2v5alleur,Demontis2018adhd,5e-8,FALSE,9,1,24.7,0.0226,-0.0904,0.073,0.26,0.10373409500224802,0.004043897471358367,0.0011257732793136122,TRUE,9.000605013850839e-12,35.2,ADHD,Neurpsychatric,"COVID: A2, EUR",Diagnosis,1.1,0.15,0.011,0.15,0.11,0.065,0.81,0.11,0.16,0.17,0.3,0.17,3.1,1.2,1,1.2,1.1,1.1,0.63,0.94,0.74,0.83,0.62,0.76,15,1.5,1.4,1.6,2,1.5,0.21,0.17,0.95,0.4,0.73,0.71,0.3655, , , , , , ,0.0226,FALSE
covidhgi2020A2v5alleur,Evangelou2018dbp,5e-8,FALSE,447,1,560.9,3.2e-4,0.00325,0.0042,0.43,0.9162134848021537,0.04814799282109344,0.03547731723988647,TRUE,4.579776312390375e-114,82.8,Diastolic blood pressure,Health,"COVID: A2, EUR",Diagnosis,-0.027,-0.011,-0.0084,-0.011,0.014,-0.0029,0.023,0.0083,0.0091,0.0093,0.034,0.013,0.97,0.99,0.99,0.99,1,1,0.93,0.97,0.97,0.97,0.95,0.97,1,1,1,1,1.1,1,0.23,0.18,0.36,0.23,0.67,0.83,0.37451612903225806, , , , , , ,3.2e-4,FALSE
covidhgi2020A2v5alleur,Evangelou2018pp,5e-8,FALSE,391,0,435.6,0.06136,-0.00656,0.0043,0.12,0.9009249448036281,0.03941966818700167,0.0262673212149769,TRUE,1.5675945202239836e-153,76.55,Pulse pressure,Health,"COVID: A2, EUR",Diagnosis,0.021,-0.0074,NA,-0.0074,0.012,-0.0029,0.02,0.0076,NA,0.008,0.026,0.012,1,0.99,NA,0.99,1,1,0.98,0.98,NA,0.98,0.96,0.97,1.1,1,NA,1,1.1,1,0.29,0.33,NA,0.36,0.64,0.82,0.5676, , , , , ,,0.06136,FALSE
covidhgi2020A2v5alleur,Evangelou2018sbp,5e-8,FALSE,433,0,479.5,0.06388,-0.00188,0.004,0.64,0.9037956176243203,0.04516480907742114,0.031131733544470734,TRUE,6.402316428384967e-152,77.8,Systolic blood pressure,Health,"COVID: A2, EUR",Diagnosis,-0.0021,-0.0077,NA,-0.0077,0.0083,-6.5e-4,0.013,0.0049,NA,0.0052,0.015,0.008,1,0.99,NA,0.99,1,1,0.97,0.98,NA,0.98,0.98,0.98,1,1,NA,1,1,1,0.87,0.12,NA,0.14,0.58,0.94,0.2920754716981132, , , , , ,,0.06388,FALSE
covidhgi2020A2v5alleur,Grove2019asd,5e-6,FALSE,36,0,35.6,0.5332,-0.00587,0.017,0.73,0,0.013074307895073953,0.002032098771712115,TRUE,2.3343996640213493e-49,24.66,Autism spectrum disorder,Neurpsychatric,"COVID: A2, EUR",Diagnosis,0.084,0.023,NA,0.023,-0.098,-0.024,0.19,0.067,NA,0.065,0.19,0.097,1.1,1,NA,1,0.91,0.98,0.76,0.9,NA,0.9,0.62,0.81,1.6,1.2,NA,1.2,1.3,1.2,0.66,0.73,NA,0.73,0.61,0.81,0.8826315789473684, , , , , ,,0.5332,FALSE
covidhgi2020A2v5alleur,Howard2018dep,5e-8,FALSE,14,0,28,0.0362,-4.7e-4,0.057,0.99,0,5.676406645635427e-5,0.0015427125246226109,FALSE,2.209411678066263e-59,38.1,depression,Neurpsychatric,"COVID: A2, EUR",Diagnosis,-0.99,-1,NA,-1,0.14,-0.15,6.7,1,NA,1.4,2.3,1.5,0.37,0.35,NA,0.35,1.2,0.86,7.8e-7,0.049,NA,0.024,0.014,0.049,180000,2.5,NA,5.3,97,15,0.88,0.3,NA,0.46,0.95,0.92,0.5608695652173913, , , , , ,,0.0362,FALSE
covidhgi2020A2v5alleur,Jansen2018insom,5e-8,FALSE,13,0,21.3,0.1224,0.0244,0.038,0.54,0,0.0010970778674235361,0.0010025274489711365,TRUE,0.4217803132284797,41.2,Insomnia symptoms,Neurpsychatric,"COVID: A2, EUR",Diagnosis,-0.43,0.22,NA,0.22,-0.018,0.0093,1,0.22,NA,0.28,0.45,0.31,0.65,1.2,NA,1.2,0.98,1,0.084,0.8,NA,0.72,0.4,0.55,5.1,1.9,NA,2.1,2.4,1.9,0.69,0.33,NA,0.45,0.97,0.98,0.5676, , , , , ,,0.1224,FALSE
covidhgi2020A2v5alleur,Klimentidis2018mvpa,5e-8,FALSE,21,0,18.3,0.6805,-0.0318,0.024,0.21,0,0.0018996629573603224,0.0010846307361177096,TRUE,6.259778782809404e-9,34.16,Moderate-to-vigorous PA,Behavioural,"COVID: A2, EUR",Diagnosis,2,0.1,NA,0.1,0.77,0.47,1.6,0.46,NA,0.42,1.1,0.67,7.7,1.1,NA,1.1,2.2,1.6,0.37,0.45,NA,0.49,0.26,0.43,160,2.7,NA,2.5,18,6,0.2,0.82,NA,0.81,0.48,0.48,0.9151282051282051, , , , , ,,0.6805,FALSE
covidhgi2020A2v5alleur,Kunkle2019load,5e-8,FALSE,21,0,33.4,0.1246,-0.0159,0.013,0.25,0.9880224729969751,0.07052898334173681,0.0017759153628703252,TRUE,0,185.52,Alzheimer's disease,Diagnosis,"COVID: A2, EUR",Diagnosis,0.049,0.0017,NA,0.0017,0.039,0.033,0.058,0.036,NA,0.043,0.045,0.045,1.1,1,NA,1,1,1,0.94,0.93,NA,0.92,0.95,0.95,1.2,1.1,NA,1.1,1.1,1.1,0.41,0.96,NA,0.97,0.4,0.46,0.9674999999999999, , , , , ,,0.1246,FALSE
covidhgi2020A2v5alleur,Lee2018educ,5e-8,FALSE,303,0,359.8,0.01536,0.0108,0.0077,0.16,0.6734870727507347,0.019938944944173417,0.02255566667263502,FALSE,9.753398672999453e-11,49.96,Educational attainment,Behavioural,"COVID: A2, EUR",Diagnosis,-1.2,-0.49,NA,-0.49,-0.52,-0.55,0.56,0.13,NA,0.14,0.55,0.2,0.29,0.61,NA,0.61,0.6,0.58,0.096,0.47,NA,0.46,0.2,0.39,0.85,0.79,NA,0.81,1.7,0.86,0.025,1.9e-4,NA,6.8e-4,0.35,0.0063,0.004085,***,*,**, ,***,,0.01536,TRUE
covidhgi2020A2v5alleur,Ligthart2018crp,5e-8,FALSE,47,1,74.2,0.0113,0.0131,0.0091,0.16,0.984764699490854,0.031384369861443384,0.0039520597823321565,TRUE,0,174.37,CRP,Health,"COVID: A2, EUR",Diagnosis,-0.18,-0.024,-0.053,-0.024,-0.12,-0.062,0.14,0.074,0.075,0.093,0.098,0.11,0.83,0.98,0.95,0.98,0.89,0.94,0.63,0.84,0.82,0.81,0.73,0.76,1.1,1.1,1.1,1.2,1.1,1.2,0.21,0.75,0.48,0.8,0.24,0.57,0.8826315789473684, , , , , , ,0.0113,FALSE
covidhgi2020A2v5alleur,Linner2019risk,5e-8,FALSE,26,1,46.1,0.0185,0.0379,0.032,0.24,0.5768303977530502,0.00227464242881277,0.0023775725116544893,FALSE,0.5273325367268014,37.47,Risk tolerance,Neurpsychatric,"COVID: A2, EUR",Diagnosis,-3.2,-0.64,-0.32,-0.64,-0.39,-0.19,2.2,0.4,0.47,0.53,0.93,0.62,0.041,0.53,0.72,0.53,0.68,0.83,5.4e-4,0.24,0.29,0.19,0.11,0.25,3.1,1.2,1.8,1.5,4.2,2.8,0.16,0.11,0.5,0.23,0.68,0.76,0.2895918367346939, , , , , , ,0.0185,FALSE
covidhgi2020A2v5alleur,Liu2019drnkwk,5e-8,FALSE,37,1,60.4,0.0309,-0.012,0.0092,0.2,0.9570877730294046,0.005066352145965237,0.0034763556485069742,TRUE,2.2262548342423034e-14,74.71,Alcohol consumption,Behavioural,"COVID: A2, EUR",Diagnosis,0.71,0.34,0.46,0.34,0.64,0.59,0.4,0.23,0.24,0.28,0.31,0.3,2,1.4,1.6,1.4,1.9,1.8,0.93,0.9,0.99,0.8,1,0.99,4.4,2.2,2.5,2.5,3.4,3.3,0.085,0.13,0.061,0.24,0.045,0.052,0.2994642857142857, ,.,.,*, ,.,0.0309,FALSE
covidhgi2020A2v5alleur,Liu2019smkcpd,5e-8,FALSE,22,0,28.8,0.2295,0.0131,0.014,0.35,0.9734857075242526,0.00854080350352074,0.001780300385375851,TRUE,7.771547414766842e-125,102.03,Cigarettes per day,Behavioural,"COVID: A2, EUR",Diagnosis,-0.04,0.26,NA,0.26,0.029,0.055,0.38,0.2,NA,0.22,0.26,0.27,0.96,1.3,NA,1.3,1,1.1,0.45,0.88,NA,0.83,0.62,0.62,2,1.9,NA,2,1.7,1.8,0.92,0.19,NA,0.26,0.91,0.84,0.38904761904761903, , , , , ,,0.2295,FALSE
covidhgi2020A2v5alleur,Liu2019smkint,5e-8,FALSE,84,0,86.1,0.4541,0.0132,0.016,0.42,0.43203552583647764,7.235703412050839e-4,0.006091614363568548,FALSE,9.07573805209771e-251,33.22,Smoking initiation,Behavioural,"COVID: A2, EUR",Diagnosis,-0.54,0.6,NA,0.6,-0.81,-0.09,1.4,0.29,NA,0.29,1.1,0.43,0.58,1.8,NA,1.8,0.45,0.91,0.035,1,NA,1,0.049,0.39,9.9,3.2,NA,3.2,4,2.1,0.71,0.041,NA,0.046,0.47,0.84,0.17558333333333334,*, , , ,*,,0.4541,FALSE
covidhgi2020A2v5alleur,Mahajan2018t2d,5e-8,FALSE,197,1,238.6,0.0254,6.34e-4,0.0058,0.91,0.9300211231564546,0.04818625047826581,0.014525199815522914,TRUE,0,76.28,Diabetes,Diagnosis,"COVID: A2, EUR",Diagnosis,0.064,0.073,0.062,0.073,0.025,0.023,0.088,0.035,0.036,0.038,0.078,0.055,1.1,1.1,1.1,1.1,1,1,0.9,1,0.99,1,0.88,0.92,1.3,1.2,1.1,1.2,1.2,1.1,0.46,0.036,0.088,0.057,0.74,0.67,0.16585714285714284,*, , , ,.,.,0.0254,FALSE
covidhgi2020A2v5alleur,Malik2018ais,5e-8,FALSE,9,1,43.3,<1e-04,-0.0253,0.19,0.9,0,0.0028222355802586517,0.0021505041740667976,TRUE,9.112020078162971e-5,40.83,Ischemic stroke,Diagnosis,"COVID: A2, EUR",Diagnosis,0.39,0.061,-0.15,0.061,-0.41,-0.15,2.5,0.15,0.22,0.3,0.32,0.22,1.5,1.1,0.86,1.1,0.67,0.86,0.012,0.8,0.56,0.58,0.35,0.56,190,1.4,1.3,1.9,1.3,1.3,0.88,0.68,0.51,0.85,0.25,0.51,0.8516504854368934, , , , , , ,1e-4,FALSE
covidhgi2020A2v5alleur,Mills2021afb,5e-8,FALSE,66,0,88,0.0469,0.0126,0.02,0.53,0.22637728792062556,0.004772728878750288,0.005925762424376843,FALSE,7.122009968084434e-7,38.11,Age at first birth,Behavioural,"COVID: A2, EUR",Diagnosis,-0.28,-0.095,NA,-0.095,0.16,-0.12,0.29,0.059,NA,0.068,0.2,0.087,0.76,0.91,NA,0.91,1.2,0.89,0.43,0.81,NA,0.8,0.8,0.75,1.3,1,NA,1,1.7,1.1,0.35,0.11,NA,0.17,0.41,0.16,0.2895918367346939, , , , , ,,0.0469,FALSE
covidhgi2020A2v5alleur,Nalls2019pd,5e-8,FALSE,19,0,34.6,0.0361,-0.0247,0.023,0.3,0.8477961381145966,0.02680533692503822,0.0017620811000255583,TRUE,0,57.92,Parkinsons disease,Diagnosis,"COVID: A2, EUR",Diagnosis,0.21,0.076,NA,0.076,-0.064,0.13,0.14,0.045,NA,0.057,0.17,0.073,1.2,1.1,NA,1.1,0.94,1.1,0.94,0.99,NA,0.96,0.67,0.99,1.6,1.2,NA,1.2,1.3,1.3,0.15,0.091,NA,0.2,0.72,0.08,0.2726590909090909,., ,., , ,,0.0361,FALSE
covidhgi2020A2v5alleur,Nicolas2018als,5e-8,FALSE,6,0,13,0.13,0.0761,0.053,0.22,0.8383333998966948,0.005148088959459541,5.316136666857907e-4,TRUE,2.2551538486572378e-41,59.36,Amyotrophic lateral sclerosis,Diagnosis,"COVID: A2, EUR",Diagnosis,-0.47,-0.013,NA,-0.013,-0.038,-0.048,0.35,0.11,NA,0.15,0.15,0.13,0.62,0.99,NA,0.99,0.96,0.95,0.32,0.8,NA,0.73,0.72,0.74,1.2,1.2,NA,1.3,1.3,1.2,0.25,0.91,NA,0.94,0.81,0.72,0.9597600000000001, , , , , ,,0.13,FALSE
covidhgi2020A2v5alleur,Nikpay2015cad,5e-8,FALSE,39,1,75.6,8e-4,0.0106,0.017,0.55,0.9127110467405378,0.017671996272093475,0.00466340452669728,TRUE,4.808531759000981e-153,62.78,Coronary artery disease,Diagnosis,"COVID: A2, EUR",Diagnosis,-0.18,-0.085,-0.11,-0.085,-0.16,-0.16,0.17,0.055,0.065,0.075,0.088,0.086,0.83,0.92,0.89,0.92,0.85,0.85,0.59,0.83,0.79,0.79,0.72,0.72,1.2,1,1,1.1,1,1,0.31,0.12,0.085,0.27,0.08,0.069,0.2920754716981132, , ,.,., ,.,8e-4,FALSE
covidhgi2020A2v5alleur,Okada2014rartis,5e-8,FALSE,44,1,86.9,3e-4,0.0238,0.011,0.03,0.9884201845619999,0.09397965860390138,0.004520225870377799,TRUE,0,299.19,Rheumatoid arthritis,Diagnosis,"COVID: A2, EUR",Diagnosis,-0.15,-0.047,-0.021,-0.047,-0.076,-0.055,0.056,0.024,0.025,0.034,0.036,0.038,0.86,0.95,0.98,0.95,0.93,0.95,0.77,0.91,0.93,0.89,0.86,0.88,0.96,1,1,1,0.99,1,0.01,0.053,0.4,0.17,0.04,0.14,0.1806,.,**, ,*, , ,3e-4,FALSE
covidhgi2020A2v5alleur,Olafsdottir2020asthma,5e-8,FALSE,84,0,78.2,0.6937,-0.00769,0.0089,0.39,0.9083362844540271,0.01752121280719254,0.004817287882640725,TRUE,0,68.53,Asthma,Diagnosis,"COVID: A2, EUR",Diagnosis,-0.035,-0.14,NA,-0.14,0.014,-0.05,0.14,0.055,NA,0.053,0.14,0.085,0.97,0.87,NA,0.87,1,0.95,0.74,0.78,NA,0.78,0.78,0.8,1.3,0.96,NA,0.96,1.3,1.1,0.8,0.0092,NA,0.0079,0.92,0.55,0.06981176470588235,**, , , ,**,,0.6937,FALSE
covidhgi2020A2v5alleur,Patsopoulos2019multscler,5e-8,FALSE,70,1,100.5,0.0146,-0.00242,0.0076,0.75,0.931389522853739,0.11704304966108163,0.005692035288582555,TRUE,0,70.24,Multiple sclerosis,Diagnosis,"COVID: A2, EUR",Diagnosis,0.072,0.061,0.07,0.061,0.096,0.088,0.045,0.022,0.024,0.026,0.04,0.036,1.1,1.1,1.1,1.1,1.1,1.1,0.99,1,1,1,1,1,1.2,1.1,1.1,1.1,1.2,1.2,0.11,0.005,0.004,0.021,0.018,0.014,0.05375,**, ,*,*,*,**,0.0146,FALSE
covidhgi2020A2v5alleur,Revez2020vit250hd,5e-8,FALSE,108,0,117.6,0.274,-0.00587,0.0056,0.3,0.9793536276000151,0.02810466725657403,0.007247552093500943,TRUE,0,142.03,25 hydroxyvitamin D,Health,"COVID: A2, EUR",Diagnosis,0.33,0.17,NA,0.17,0.19,0.18,0.2,0.12,NA,0.12,0.17,0.18,1.4,1.2,NA,1.2,1.2,1.2,0.94,0.94,NA,0.93,0.87,0.84,2.1,1.5,NA,1.5,1.7,1.7,0.1,0.16,NA,0.18,0.25,0.32,0.3621052631578947, ,., , , ,,0.274,FALSE
covidhgi2020A2v5alleur,Ripke2014scz,5e-8,FALSE,79,0,104.2,0.0397,8.51e-4,0.015,0.96,0.3770158049794871,0.03134944483534593,0.006191267541043991,TRUE,3.688974687113397e-161,43.37,Schizophrenia,Neurpsychatric,"COVID: A2, EUR",Diagnosis,0.027,0.037,NA,0.037,0.019,-0.012,0.19,0.043,NA,0.049,0.14,0.069,1,1,NA,1,1,0.99,0.71,0.95,NA,0.94,0.77,0.86,1.5,1.1,NA,1.1,1.3,1.1,0.89,0.39,NA,0.45,0.89,0.86,0.6368354430379747, , , , , ,,0.0397,FALSE
covidhgi2020A2v5alleur,Shah2020heartfailure,5e-8,FALSE,10,1,33.1,0.0041,0.0519,0.053,0.36,0.4850507372215414,0.0024006278586506343,0.0018012605904170996,TRUE,6.537323585240491e-7,41.42,Heart failure,Diagnosis,"COVID: A2, EUR",Diagnosis,-0.78,-0.06,-0.25,-0.06,-0.56,-0.25,0.79,0.17,0.17,0.28,0.32,0.24,0.46,0.94,0.78,0.94,0.57,0.78,0.097,0.68,0.55,0.54,0.31,0.49,2.2,1.3,1.1,1.6,1.1,1.2,0.35,0.72,0.18,0.84,0.11,0.3,0.8826315789473684, , , , , , ,0.0041,FALSE
covidhgi2020A2v5alleur,Stahl2019bip,5e-8,FALSE,12,0,6.2,0.9231,-0.0717,0.055,0.23,0,0.005962186465603182,2.471302579650353e-4,TRUE,4.188184298094029e-43,33.6,Bipolar disorder,Neurpsychatric,"COVID: A2, EUR",Diagnosis,0.75,-0.022,NA,-0.022,0.07,0.04,0.61,0.099,NA,0.068,0.19,0.12,2.1,0.98,NA,0.98,1.1,1,0.65,0.81,NA,0.86,0.74,0.82,7,1.2,NA,1.1,1.6,1.3,0.24,0.83,NA,0.76,0.72,0.74,0.9151282051282051, , , , , ,,0.9231,FALSE
covidhgi2020A2v5alleur,Willer2013hdl,5e-8,FALSE,87,0,111.4,0.053900000000000003,-9.96e-4,0.0059,0.87,0.9714226927733265,0.047931508151485766,0.0055492760898813,TRUE,0,127.83,High-density lipoproteins,Health,"COVID: A2, EUR",Diagnosis,-0.017,-0.033,NA,-0.033,0.018,0.13,0.12,0.065,NA,0.072,0.094,0.1,0.98,0.97,NA,0.97,1,1.1,0.78,0.85,NA,0.84,0.85,0.93,1.2,1.1,NA,1.1,1.2,1.4,0.89,0.61,NA,0.65,0.85,0.22,0.8029591836734694, , , , , ,,0.053900000000000003,FALSE
covidhgi2020A2v5alleur,Willer2013ldl,5e-8,FALSE,78,2,111,0.0115,8.32e-4,0.0064,0.9,0.982088938496841,0.0558793848513732,0.005374834419985298,TRUE,0,171.55,Low-density lipoproteins,Health,"COVID: A2, EUR",Diagnosis,-0.012,-0.0027,-0.02,-0.0027,-0.029,-0.015,0.098,0.056,0.058,0.067,0.077,0.081,0.99,1,0.98,1,0.97,0.99,0.81,0.89,0.87,0.87,0.84,0.84,1.2,1.1,1.1,1.1,1.1,1.2,0.9,0.96,0.73,0.97,0.7,0.86,0.9674999999999999, , , , , , ,0.0115,FALSE
covidhgi2020A2v5alleur,Willer2013tc,5e-8,FALSE,86,2,117.7,0.0184,6.45e-4,0.0065,0.92,0.9742828025857071,0.057489420940721465,0.006217833526073598,TRUE,0,146.88,Total cholesterol,Health,"COVID: A2, EUR",Diagnosis,-0.049,-0.04,-0.057,-0.04,-0.075,-0.04,0.11,0.059,0.061,0.069,0.091,0.1,0.95,0.96,0.94,0.96,0.93,0.96,0.76,0.86,0.84,0.84,0.78,0.79,1.2,1.1,1.1,1.1,1.1,1.2,0.67,0.5,0.35,0.57,0.41,0.7,0.7413793103448276, , , , , , ,0.0184,FALSE
covidhgi2020A2v5alleur,Willer2013tg,5e-8,FALSE,54,0,72.3,0.068,0.00591,0.0075,0.43,0.981300493020898,0.04113978131343892,0.0038454138664927883,TRUE,0,172.13,Triglycerides,Health,"COVID: A2, EUR",Diagnosis,-0.086,0.0084,NA,0.0084,-0.089,-0.043,0.15,0.08,NA,0.093,0.11,0.12,0.92,1,NA,1,0.91,0.96,0.68,0.86,NA,0.84,0.74,0.76,1.2,1.2,NA,1.2,1.1,1.2,0.57,0.92,NA,0.93,0.43,0.71,0.9597600000000001, , , , , ,,0.068,FALSE
covidhgi2020A2v5alleur,Wood2014height,5e-8,FALSE,364,0,359.1,0.5772,-0.0046,0.0043,0.28,0.9125068068563658,0.11773469484951841,0.021492447309025383,TRUE,0,87.56,Height,Health,"COVID: A2, EUR",Diagnosis,0.24,0.1,NA,0.1,0.16,0.17,0.14,0.051,NA,0.051,0.17,0.08,1.3,1.1,NA,1.1,1.2,1.2,0.97,1,NA,1,0.85,1,1.7,1.2,NA,1.2,1.6,1.4,0.083,0.048,NA,0.047,0.34,0.032,0.17558333333333334,*,.,*, ,*,,0.5772,FALSE
covidhgi2020A2v5alleur,Wuttke2019ckd,5e-8,FALSE,22,0,26.4,0.2863,0.00311,0.02,0.88,0.8524154069187023,0.009889435372081451,0.0016474321455652858,TRUE,0,62.26,Chronic kidney disease,Diagnosis,"COVID: A2, EUR",Diagnosis,0.027,0.062,NA,0.062,0.13,0.095,0.23,0.079,NA,0.085,0.14,0.12,1,1.1,NA,1.1,1.1,1.1,0.65,0.91,NA,0.9,0.87,0.88,1.6,1.2,NA,1.3,1.5,1.4,0.91,0.43,NA,0.47,0.35,0.41,0.6683132530120481, , , , , ,,0.2863,FALSE
covidhgi2020A2v5alleur,Wuttke2019egfr,5e-8,FALSE,196,0,230,0.0569,0.00625,0.0059,0.29,0.9073628138337171,0.019250920306835003,0.013486661986622857,TRUE,1.182096688037081e-58,75.07,eGFR,Health,"COVID: A2, EUR",Diagnosis,-2.5,-0.86,NA,-0.86,-0.29,-0.79,1.7,0.64,NA,0.69,2,1,0.081,0.42,NA,0.42,0.75,0.45,0.0029,0.12,NA,0.11,0.014,0.063,2.2,1.5,NA,1.6,41,3.2,0.14,0.18,NA,0.21,0.89,0.43,0.37451612903225806, , , , , ,,0.0569,FALSE
covidhgi2020A2v5alleur,Yengo2018bmi,5e-8,FALSE,505,0,572.9,0.02032,2.75e-4,0.0037,0.94,0.908488193920657,0.05346677579354122,0.0340955104282373,TRUE,8.850549584165955e-240,76.65,BMI,Health,"COVID: A2, EUR",Diagnosis,0.32,0.34,NA,0.34,0.25,0.22,0.22,0.081,NA,0.086,0.23,0.15,1.4,1.4,NA,1.4,1.3,1.3,0.89,1.2,NA,1.2,0.82,0.94,2.1,1.6,NA,1.7,2,1.7,0.15,2.9e-5,NA,9.6e-5,0.28,0.13,0.001247,***, , , ,***,,0.02032,FALSE
covidhgi2020B2v5alleur,Allen2020ipf,5e-8,FALSE,15,5,167.4,<1e-04,0.0562,0.022,0.022,0.9697465837195061,0.12382685286484957,0.0029471451743653277,TRUE,8.933473922039185e-241,124.96,Idiopathic pulmonary fibrosis,Diagnosis,"COVID: B2, EUR",Diagnosis,-0.09,0.028,0.073,0.028,-0.059,-4.6e-4,0.056,0.014,0.015,0.038,0.022,0.026,0.91,1,1.1,1,0.94,1,0.82,1,1,0.95,0.9,0.95,1,1.1,1.1,1.1,0.98,1.1,0.13,0.045,0.00093000000000000005,0.48,0.016,0.99,0.17558333333333334,*, , ,*, ,***,1e-4,FALSE
covidhgi2020B2v5alleur,Astel2016plt,5e-8,FALSE,213,0,232.7,0.1801,0.0012,0.0032,0.71,0.953515188784796,0.12859575360832015,0.006431615228992661,TRUE,0,117.02,Platelet count,Health,"COVID: B2, EUR",Diagnosis,-0.033,-0.0097,NA,-0.0097,0.018,-0.02,0.073,0.034,NA,0.036,0.084,0.058,0.97,0.99,NA,0.99,1,0.98,0.84,0.93,NA,0.92,0.86,0.88,1.1,1.1,NA,1.1,1.2,1.1,0.65,0.78,NA,0.79,0.83,0.73,0.8826315789473684, , , , , ,,0.1801,FALSE
covidhgi2020B2v5alleur,Astel2016rbc,5e-8,FALSE,171,2,214.6,0.0151,0.00483,0.0039,0.21,0.9476626608692365,0.08443979059946966,0.006058727149656314,TRUE,0,101.25,Red blood cell count,Health,"COVID: B2, EUR",Diagnosis,-0.19,-0.086,-0.037,-0.086,-0.01,-0.043,0.099,0.042,0.042,0.047,0.084,0.081,0.82,0.92,0.96,0.92,0.99,0.96,0.68,0.85,0.89,0.84,0.84,0.82,1,1,1,1,1.2,1.1,0.052,0.042,0.39,0.07,0.9,0.6,0.17558333333333334,*,., , ,., ,0.0151,FALSE
covidhgi2020B2v5alleur,Astel2016wbc,5e-8,FALSE,161,1,211.7,0.0067,0.00434,0.0044,0.32,0.9133579175058061,0.0710299041794107,0.005893812573872131,TRUE,0,78.92,White blood cell count,Health,"COVID: B2, EUR",Diagnosis,-0.23,-0.12,-0.1,-0.12,-0.28,-0.17,0.12,0.047,0.051,0.054,0.12,0.078,0.79,0.88,0.9,0.88,0.76,0.84,0.62,0.81,0.82,0.79,0.6,0.72,1,0.97,1,0.98,0.97,0.98,0.058,0.0083,0.042,0.022,0.026,0.027,0.0693375,**,.,*,*,*,*,0.0067,FALSE
covidhgi2020B2v5alleur,Betham2015lupus,5e-8,FALSE,42,0,55.2,0.1058,-0.00559,0.0091,0.54,0.929722658859709,0.2216556681990348,0.0015233934201180708,TRUE,0,111.76,Lupus,Diagnosis,"COVID: B2, EUR",Diagnosis,-0.007,-0.021,NA,-0.021,-0.019,-0.019,0.025,0.01,NA,0.012,0.021,0.015,0.99,0.98,NA,0.98,0.98,0.98,0.94,0.96,NA,0.96,0.94,0.95,1,1,NA,1,1,1,0.78,0.047,NA,0.089,0.38,0.21,0.17558333333333334,*, , , ,.,,0.1058,FALSE
covidhgi2020B2v5alleur,Dashti2019slepdur,5e-8,FALSE,66,2,97.2,0.0117,0.0108,0.012,0.36,0.8024831454259893,0.006290257462793213,0.002525518322450808,TRUE,8.722254177294047e-69,41.25,Sleep duration,Health,"COVID: B2, EUR",Diagnosis,-0.62,-0.0072,-0.0021,-0.0072,-0.41,-0.33,0.7,0.16,0.16,0.19,0.43,0.25,0.54,0.99,1,0.99,0.66,0.72,0.14,0.73,0.73,0.69,0.29,0.44,2.1,1.3,1.4,1.4,1.5,1.2,0.38,0.96,0.99,0.97,0.34,0.18,0.9674999999999999, , , , , , ,0.0117,FALSE
covidhgi2020B2v5alleur,Day2018sociso,5e-8,FALSE,15,0,12.4,0.7166,-0.00109,0.026,0.97,0,0.0012764604247813773,4.305723580717908e-4,TRUE,1.3784067609758908e-19,38.54,Social isolation,Neurpsychatric,"COVID: B2, EUR",Diagnosis,0.99,0.91,NA,0.91,0.81,0.8,1.9,0.37,NA,0.32,0.77,0.51,2.7,2.5,NA,2.5,2.2,2.2,0.069,1.2,NA,1.3,0.5,0.82,100,5.1,NA,4.7,10,6,0.61,0.013,NA,0.014,0.31,0.12,0.0903,*, , , ,*,,0.7166,FALSE
covidhgi2020B2v5alleur,Demontis2018adhd,5e-8,FALSE,9,0,17.4,0.1062,-0.0476,0.044,0.31,0,0.004043897471358367,5.015913321174396e-4,TRUE,5.6142750494271484e-21,35.2,ADHD,Neurpsychatric,"COVID: B2, EUR",Diagnosis,0.71,0.19,NA,0.19,0.15,0.14,0.48,0.078,NA,0.1,0.2,0.11,2,1.2,NA,1.2,1.2,1.1,0.78,1,NA,0.99,0.78,0.92,5.2,1.4,NA,1.5,1.7,1.4,0.19,0.014,NA,0.095,0.47,0.22,0.0903,*, , , ,.,,0.1062,FALSE
covidhgi2020B2v5alleur,Evangelou2018dbp,5e-8,FALSE,447,2,558.3,3.6e-4,-9.99e-4,0.0028,0.72,0.91077299127596,0.04814799282109344,0.015183309453475194,TRUE,0,82.8,Diastolic blood pressure,Health,"COVID: B2, EUR",Diagnosis,0.0065,0.0016,0.0029,0.0016,-0.0045,0.0056,0.015,0.0056,0.006,0.0063,0.019,0.0091,1,1,1,1,1,1,0.98,0.99,0.99,0.99,0.96,0.99,1,1,1,1,1,1,0.67,0.78,0.63,0.8,0.81,0.54,0.8826315789473684, , , , , , ,3.6e-4,FALSE
covidhgi2020B2v5alleur,Evangelou2018pp,5e-8,FALSE,392,0,412.6,0.23944,-0.00281,0.0028,0.32,0.8911544196719091,0.03941966818700167,0.011162902740563833,TRUE,0,76.59,Pulse pressure,Health,"COVID: B2, EUR",Diagnosis,0.008,-0.0043,NA,-0.0043,0.019,0.0056,0.013,0.0052,NA,0.0053,0.017,0.0079,1,1,NA,1,1,1,0.98,0.99,NA,0.99,0.99,0.99,1,1,NA,1,1.1,1,0.55,0.41,NA,0.43,0.26,0.48,0.6529629629629629, , , , , ,,0.23944,FALSE
covidhgi2020B2v5alleur,Evangelou2018sbp,5e-8,FALSE,435,0,450.4,0.30564,-9.67e-4,0.0027,0.72,0.8957975139081056,0.04516480907742114,0.012695459221829051,TRUE,0,78.11,Systolic blood pressure,Health,"COVID: B2, EUR",Diagnosis,0.0059,0.003,NA,0.003,0.0078,0.0074,0.0086,0.0034,NA,0.0034,0.011,0.0056,1,1,NA,1,1,1,0.99,1,NA,1,0.99,1,1,1,NA,1,1,1,0.5,0.37,NA,0.38,0.49,0.19,0.6280263157894737, , , , , ,,0.30564,FALSE
covidhgi2020B2v5alleur,Grove2019asd,5e-6,FALSE,36,0,23.6,0.9524,-0.0119,0.011,0.3,0,0.013074307895073953,6.17514995947512e-4,TRUE,1.1734842670276749e-81,24.66,Autism spectrum disorder,Neurpsychatric,"COVID: B2, EUR",Diagnosis,0.097,-0.027,NA,-0.027,-0.12,-0.071,0.13,0.045,NA,0.036,0.15,0.065,1.1,0.97,NA,0.97,0.89,0.93,0.86,0.89,NA,0.91,0.66,0.82,1.4,1.1,NA,1,1.2,1.1,0.45,0.55,NA,0.46,0.44,0.28,0.7685106382978725, , , , , ,,0.9524,FALSE
covidhgi2020B2v5alleur,Howard2018dep,5e-8,FALSE,14,0,36.1,0.0038,-0.0198,0.044,0.66,0,5.676406645635427e-5,8.383902359173634e-4,FALSE,2.3935030022371327e-29,38.1,depression,Neurpsychatric,"COVID: B2, EUR",Diagnosis,1.2,-1,NA,-1,-0.73,-0.9,5.2,0.68,NA,1.1,1.8,1.1,3.5,0.36,NA,0.36,0.48,0.41,1.3e-4,0.094,NA,0.045,0.015,0.048,91000,1.4,NA,2.8,15,3.4,0.82,0.13,NA,0.35,0.69,0.41,0.2994642857142857, , , , , ,,0.0038,FALSE
covidhgi2020B2v5alleur,Jansen2018insom,5e-8,FALSE,13,0,22.9,0.0885,0.0336,0.023,0.17,0.12031457292875575,0.0010970778674235361,4.898385620964679e-4,TRUE,4.680273546326162e-10,41.2,Insomnia symptoms,Neurpsychatric,"COVID: B2, EUR",Diagnosis,-0.84,0.013,NA,0.013,-0.37,-0.063,0.62,0.15,NA,0.19,0.42,0.23,0.43,1,NA,1,0.69,0.94,0.13,0.75,NA,0.69,0.31,0.6,1.4,1.4,NA,1.5,1.6,1.5,0.2,0.93,NA,0.95,0.39,0.79,0.9597600000000001, , , , , ,,0.0885,FALSE
covidhgi2020B2v5alleur,Klimentidis2018mvpa,5e-8,FALSE,21,0,25.6,0.2822,-0.0109,0.018,0.54,0,0.0018996629573603224,6.151595067125564e-4,TRUE,5.416893044197534e-26,34.16,Moderate-to-vigorous PA,Behavioural,"COVID: B2, EUR",Diagnosis,0.57,-0.093,NA,-0.093,-0.47,-0.22,1.1,0.31,NA,0.33,0.8,0.47,1.8,0.91,NA,0.91,0.62,0.8,0.2,0.5,NA,0.47,0.13,0.32,16,1.7,NA,1.8,3,2,0.62,0.76,NA,0.78,0.56,0.63,0.8826315789473684, , , , , ,,0.2822,FALSE
covidhgi2020B2v5alleur,Kunkle2019load,5e-8,FALSE,20,0,42.5,0.1361,-0.016,0.0084,0.071,0.9890419865261897,0.06920412152656641,8.810220216730576e-4,TRUE,0,192.67,Alzheimer's disease,Diagnosis,"COVID: B2, EUR",Diagnosis,0.079,0.035,NA,0.035,0.074,0.069,0.035,0.023,NA,0.028,0.028,0.029,1.1,1,NA,1,1.1,1.1,1,0.99,NA,0.98,1,1,1.2,1.1,NA,1.1,1.1,1.1,0.035,0.12,NA,0.22,0.015,0.018,0.2920754716981132, ,*,*,*, ,,0.1361,FALSE
covidhgi2020B2v5alleur,Lee2018educ,5e-8,FALSE,303,1,362.6,0.01228,0.00732,0.0052,0.16,0.6104142122981205,0.019938944944173417,0.010608325158888494,TRUE,8.213053741182345e-182,49.96,Educational attainment,Behavioural,"COVID: B2, EUR",Diagnosis,-0.78,-0.26,-0.29,-0.26,0.036,-0.19,0.38,0.089,0.095,0.097,0.35,0.14,0.46,0.77,0.75,0.77,1,0.83,0.22,0.65,0.62,0.64,0.53,0.63,0.97,0.92,0.9,0.93,2,1.1,0.041,0.0032,0.0023,0.0073,0.92,0.16,0.03752727272727273,**,*, , ,**,**,0.01228,TRUE
covidhgi2020B2v5alleur,Ligthart2018crp,5e-8,FALSE,46,1,103.1,<1e-04,0.0196,0.0069,0.0064,0.9849241733654254,0.030878815877904423,0.0024058071288024707,TRUE,0,175.77,CRP,Health,"COVID: B2, EUR",Diagnosis,-0.23,-5.3e-4,-0.024,-5.3e-4,-0.17,-0.15,0.11,0.051,0.057,0.074,0.063,0.073,0.79,1,0.98,1,0.85,0.86,0.64,0.91,0.87,0.86,0.75,0.75,0.98,1.1,1.1,1.2,0.96,1,0.034,0.99,0.67,0.99,0.012,0.045,0.99, ,*,*,*, , ,1e-4,FALSE
covidhgi2020B2v5alleur,Linner2019risk,5e-8,FALSE,26,1,46,0.0176,0.0318,0.022,0.16,0.44633942222924056,0.00227464242881277,0.0010956683905093871,TRUE,3.907292435999813e-19,37.47,Risk tolerance,Neurpsychatric,"COVID: B2, EUR",Diagnosis,-2.3,-0.14,0.067,-0.14,0.16,-2.4e-4,1.5,0.28,0.33,0.37,0.65,0.44,0.099,0.87,1.1,0.87,1.2,1,0.0049,0.5,0.56,0.42,0.33,0.42,2,1.5,2,1.8,4.2,2.4,0.14,0.61,0.84,0.7,0.81,1,0.8029591836734694, , , , , , ,0.0176,FALSE
covidhgi2020B2v5alleur,Liu2019drnkwk,5e-8,FALSE,36,1,63.1,0.0096,-0.002,0.0071,0.78,0.9559577762474466,0.005066352145965237,0.0016649835121528317,TRUE,1.8949827726226717e-86,75.86,Alcohol consumption,Behavioural,"COVID: B2, EUR",Diagnosis,0.16,0.095,-0.011,0.095,0.12,0.15,0.32,0.16,0.18,0.21,0.21,0.22,1.2,1.1,0.99,1.1,1.1,1.2,0.63,0.8,0.69,0.72,0.74,0.75,2.2,1.5,1.4,1.7,1.7,1.8,0.62,0.56,0.95,0.66,0.58,0.51,0.7685106382978725, , , , , , ,0.0096,FALSE
covidhgi2020B2v5alleur,Liu2019smkcpd,5e-8,FALSE,22,0,25.8,0.3468,-0.00314,0.0089,0.73,0.9725391520518774,0.00854080350352074,7.836903919018301e-4,TRUE,1.1465933208107635e-212,102.03,Cigarettes per day,Behavioural,"COVID: B2, EUR",Diagnosis,0.26,0.19,NA,0.19,0.23,0.23,0.26,0.14,NA,0.15,0.18,0.18,1.3,1.2,NA,1.2,1.3,1.3,0.78,0.92,NA,0.9,0.89,0.88,2.2,1.6,NA,1.6,1.8,1.8,0.32,0.17,NA,0.22,0.21,0.21,0.3655, , , , , ,,0.3468,FALSE
covidhgi2020B2v5alleur,Liu2019smkint,5e-8,FALSE,84,0,86.6,0.4447,0.0109,0.011,0.33,0.2408540240867971,7.235703412050839e-4,0.0028067707178950118,FALSE,2.6729999711273787e-72,33.22,Smoking initiation,Behavioural,"COVID: B2, EUR",Diagnosis,-0.29,0.65,NA,0.65,0.8,0.65,0.97,0.2,NA,0.2,0.65,0.29,0.75,1.9,NA,1.9,2.2,1.9,0.11,1.3,NA,1.3,0.62,1.1,5.1,2.8,NA,2.8,7.9,3.4,0.77,0.0012,NA,0.0019,0.22,0.023,0.015479999999999999,**, ,*, ,**,,0.4447,TRUE
covidhgi2020B2v5alleur,Mahajan2018t2d,5e-8,FALSE,194,1,276.3,1e-4,0.00545,0.0043,0.21,0.9225398561052041,0.046326128560470275,0.007171781185436538,TRUE,0,75.35,Diabetes,Diagnosis,"COVID: B2, EUR",Diagnosis,-0.039,0.036,0.027,0.036,0.022,0.022,0.066,0.024,0.026,0.028,0.051,0.042,0.96,1,1,1,1,1,0.85,0.99,0.98,0.98,0.92,0.94,1.1,1.1,1.1,1.1,1.1,1.1,0.55,0.13,0.31,0.2,0.67,0.6,0.2994642857142857, , , , , , ,1e-4,FALSE
covidhgi2020B2v5alleur,Malik2018ais,5e-8,FALSE,9,1,48.4,<1e-04,-0.0796,0.13,0.55,0,0.0028222355802586517,9.949522657205206e-4,TRUE,3.5242721025348425e-38,40.83,Ischemic stroke,Diagnosis,"COVID: B2, EUR",Diagnosis,1.1,0.057,-0.12,0.057,0.12,0.023,1.7,0.097,0.12,0.21,0.21,0.15,3,1.1,0.89,1.1,1.1,1,0.11,0.88,0.71,0.7,0.74,0.76,83,1.3,1.1,1.6,1.7,1.4,0.54,0.56,0.34,0.8,0.6,0.88,0.7685106382978725, , , , , , ,1e-4,FALSE
covidhgi2020B2v5alleur,Mills2021afb,5e-8,FALSE,66,2,92,0.0283,0.0138,0.014,0.32,0,0.004772728878750288,0.003074023550279847,TRUE,6.016057435585712e-19,38.11,Age at first birth,Behavioural,"COVID: B2, EUR",Diagnosis,-0.35,-0.15,-0.18,-0.15,-0.089,-0.1,0.2,0.04,0.041,0.047,0.13,0.059,0.71,0.86,0.83,0.86,0.91,0.9,0.47,0.8,0.77,0.79,0.72,0.8,1.1,0.94,0.9,0.95,1.2,1,0.094,2.9e-4,3.9e-5,0.0029,0.48,0.082,0.00467625,***,.,., ,**,***,0.0283,TRUE
covidhgi2020B2v5alleur,Nalls2019pd,5e-8,FALSE,19,1,42.6,0.0055,-0.011,0.018,0.55,0.8178131133459619,0.02680533692503822,0.0011771882061704935,TRUE,0,57.92,Parkinsons disease,Diagnosis,"COVID: B2, EUR",Diagnosis,0.17,0.11,0.065,0.11,0.031,0.044,0.11,0.031,0.035,0.044,0.067,0.049,1.2,1.1,1.1,1.1,1,1,0.96,1.1,1,1,0.9,0.95,1.5,1.2,1.1,1.2,1.2,1.1,0.13,2.6e-4,0.077,0.018,0.65,0.36,0.00467625,***, , , ,*,.,0.0055,FALSE
covidhgi2020B2v5alleur,Nicolas2018als,5e-8,FALSE,6,0,10.1,0.2543,0.0364,0.033,0.34,0.8270087816182525,0.005148088959459541,2.011214574323766e-4,TRUE,6.692484862721495e-58,59.36,Amyotrophic lateral sclerosis,Diagnosis,"COVID: B2, EUR",Diagnosis,-0.14,0.075,NA,0.075,0.025,0.021,0.22,0.073,NA,0.09,0.1,0.096,0.87,1.1,NA,1.1,1,1,0.56,0.93,NA,0.9,0.84,0.85,1.3,1.2,NA,1.3,1.3,1.2,0.55,0.31,NA,0.44,0.82,0.82,0.5632394366197183, , , , , ,,0.2543,FALSE
covidhgi2020B2v5alleur,Nikpay2015cad,5e-8,FALSE,39,1,86.1,<1e-04,0.012,0.013,0.35,0.9080388496363818,0.017671996272093475,0.002172405561270334,TRUE,7.105241313018345e-279,62.78,Coronary artery disease,Diagnosis,"COVID: B2, EUR",Diagnosis,-0.086,0.023,-0.0027,0.023,-0.071,-0.054,0.13,0.038,0.045,0.055,0.062,0.057,0.92,1,1,1,0.93,0.95,0.72,0.95,0.91,0.92,0.82,0.85,1.2,1.1,1.1,1.1,1.1,1.1,0.51,0.53,0.95,0.68,0.26,0.34,0.7685106382978725, , , , , , ,1e-4,FALSE
covidhgi2020B2v5alleur,Okada2014rartis,5e-8,FALSE,44,1,82.2,8e-4,0.00681,0.0073,0.36,0.9892918845629712,0.09397965860390138,0.0022299715963740277,TRUE,0,299.19,Rheumatoid arthritis,Diagnosis,"COVID: B2, EUR",Diagnosis,-0.063,-0.035,-0.02,-0.035,-0.034,-0.039,0.037,0.016,0.018,0.022,0.024,0.026,0.94,0.97,0.98,0.97,0.97,0.96,0.87,0.94,0.95,0.92,0.92,0.91,1,1,1,1,1,1,0.1,0.034,0.25,0.12,0.17,0.13,0.16244444444444445,*,., , , , ,8e-4,FALSE
covidhgi2020B2v5alleur,Olafsdottir2020asthma,5e-8,FALSE,85,0,98.5,0.173,9.85e-4,0.0065,0.88,0.8920197133357619,0.01764029670950632,0.0026481128129265206,TRUE,0,68.34,Asthma,Diagnosis,"COVID: B2, EUR",Diagnosis,-0.037,-0.023,NA,-0.023,-0.17,-0.09,0.1,0.038,NA,0.041,0.1,0.06,0.96,0.98,NA,0.98,0.84,0.91,0.79,0.91,NA,0.9,0.69,0.81,1.2,1.1,NA,1.1,1,1,0.72,0.55,NA,0.58,0.098,0.13,0.7685106382978725, , , ,., ,,0.173,FALSE
covidhgi2020B2v5alleur,Patsopoulos2019multscler,5e-8,FALSE,70,1,103.3,0.0094,0.0011,0.0052,0.83,0.9331963869505554,0.11704304966108163,0.002602563038054649,TRUE,0,70.24,Multiple sclerosis,Diagnosis,"COVID: B2, EUR",Diagnosis,0.027,0.032,0.028,0.032,0.04,0.037,0.031,0.015,0.017,0.018,0.026,0.025,1,1,1,1,1,1,0.97,1,0.99,1,0.99,0.99,1.1,1.1,1.1,1.1,1.1,1.1,0.39,0.031,0.1,0.078,0.13,0.14,0.16244444444444445,*, , , ,.,.,0.0094,FALSE
covidhgi2020B2v5alleur,Revez2020vit250hd,5e-8,FALSE,108,0,134,0.053,-0.00265,0.004,0.51,0.9796647683412604,0.02810466725657403,0.003750679484753458,TRUE,0,142.03,25 hydroxyvitamin D,Health,"COVID: B2, EUR",Diagnosis,0.24,0.17,NA,0.17,0.22,0.2,0.14,0.078,NA,0.087,0.11,0.13,1.3,1.2,NA,1.2,1.2,1.2,0.97,1,NA,1,1,0.95,1.7,1.4,NA,1.4,1.5,1.6,0.088,0.032,NA,0.056,0.051,0.12,0.16244444444444445,*,., ,.,.,,0.053,FALSE
covidhgi2020B2v5alleur,Ripke2014scz,5e-8,FALSE,79,0,105.6,0.0331,0.00596,0.01,0.57,0.176833371705396,0.03134944483534593,0.002670494207786725,TRUE,1.1256642740884257e-262,43.37,Schizophrenia,Neurpsychatric,"COVID: B2, EUR",Diagnosis,-0.074,-0.0025,NA,-0.0025,-0.14,-0.023,0.13,0.029,NA,0.033,0.099,0.045,0.93,1,NA,1,0.87,0.98,0.72,0.94,NA,0.93,0.71,0.9,1.2,1.1,NA,1.1,1.1,1.1,0.57,0.93,NA,0.94,0.15,0.61,0.9597600000000001, , , , , ,,0.0331,FALSE
covidhgi2020B2v5alleur,Shah2020heartfailure,5e-8,FALSE,10,1,44.1,1e-4,0.0265,0.044,0.57,0.2797038696518171,0.0024006278586506343,0.0010292650198382549,TRUE,4.3305445422139627e-42,41.42,Heart failure,Diagnosis,"COVID: B2, EUR",Diagnosis,-0.34,0.033,-0.14,0.033,-0.24,-0.24,0.66,0.11,0.13,0.23,0.17,0.15,0.71,1,0.87,1,0.79,0.79,0.19,0.83,0.67,0.66,0.56,0.59,2.6,1.3,1.1,1.6,1.1,1.1,0.62,0.77,0.34,0.89,0.2,0.12,0.8826315789473684, , , , , , ,1e-4,FALSE
covidhgi2020B2v5alleur,Stahl2019bip,5e-8,FALSE,12,0,3.9,0.9865,-0.00438,0.038,0.91,0,0.005962186465603182,9.349136331760619e-5,TRUE,4.268098071422759e-52,33.6,Bipolar disorder,Neurpsychatric,"COVID: B2, EUR",Diagnosis,0.089,0.042,NA,0.042,0.097,0.08,0.42,0.068,NA,0.037,0.14,0.087,1.1,1,NA,1,1.1,1.1,0.48,0.91,NA,0.97,0.84,0.91,2.5,1.2,NA,1.1,1.4,1.3,0.84,0.54,NA,0.28,0.49,0.36,0.7685106382978725, , , , , ,,0.9865,FALSE
covidhgi2020B2v5alleur,Willer2013hdl,5e-8,FALSE,87,0,123.9,0.0108,-0.00158,0.0044,0.72,0.9709254827500782,0.047931508151485766,0.0030001192374526178,TRUE,0,127.83,High-density lipoproteins,Health,"COVID: B2, EUR",Diagnosis,-0.02,-0.045,NA,-0.045,0.019,0.033,0.088,0.045,NA,0.054,0.067,0.076,0.98,0.96,NA,0.96,1,1,0.82,0.87,NA,0.86,0.89,0.89,1.2,1,NA,1.1,1.2,1.2,0.82,0.32,NA,0.4,0.77,0.67,0.5654794520547946, , , , , ,,0.0108,FALSE
covidhgi2020B2v5alleur,Willer2013ldl,5e-8,FALSE,78,1,119.3,0.0033,0.00127,0.0046,0.78,0.9821088312252532,0.0558793848513732,0.002846339691440961,TRUE,0,171.55,Low-density lipoproteins,Health,"COVID: B2, EUR",Diagnosis,-0.022,-0.0083,-0.034,-0.0083,-0.05,-0.053,0.07,0.039,0.042,0.048,0.056,0.058,0.98,0.99,0.97,0.99,0.95,0.95,0.85,0.92,0.89,0.9,0.85,0.85,1.1,1.1,1,1.1,1.1,1.1,0.75,0.83,0.42,0.86,0.37,0.36,0.9151282051282051, , , , , , ,0.0033,FALSE
covidhgi2020B2v5alleur,Willer2013tc,5e-8,FALSE,86,1,140,3e-4,1.52e-4,0.0049,0.98,0.9741872361878463,0.057489420940721465,0.0034436789668948332,TRUE,0,146.88,Total cholesterol,Health,"COVID: B2, EUR",Diagnosis,-0.015,-0.013,-0.04,-0.013,-0.0081,0.022,0.084,0.041,0.047,0.052,0.063,0.062,0.98,0.99,0.96,0.99,0.99,1,0.83,0.91,0.88,0.89,0.88,0.91,1.2,1.1,1.1,1.1,1.1,1.2,0.86,0.74,0.4,0.8,0.9,0.72,0.8826315789473684, , , , , , ,3e-4,FALSE
covidhgi2020B2v5alleur,Willer2013tg,5e-8,FALSE,54,0,61.9,0.2541,0.00523,0.0048,0.28,0.9805408903249988,0.04113978131343892,0.0015276224976502936,TRUE,0,172.13,Triglycerides,Health,"COVID: B2, EUR",Diagnosis,-0.044,0.042,NA,0.042,-0.034,0.023,0.099,0.057,NA,0.06,0.078,0.082,0.96,1,NA,1,0.97,1,0.79,0.93,NA,0.93,0.83,0.87,1.2,1.2,NA,1.2,1.1,1.2,0.66,0.46,NA,0.49,0.66,0.78,0.6981176470588235, , , , , ,,0.2541,FALSE
covidhgi2020B2v5alleur,Wood2014height,5e-8,FALSE,364,0,364.1,0.50592,-0.00306,0.0029,0.3,0.9028740004768423,0.11773469484951841,0.009848911522329556,TRUE,0,87.56,Height,Health,"COVID: B2, EUR",Diagnosis,0.15,0.058,NA,0.058,-0.13,0.0048,0.095,0.036,NA,0.035,0.12,0.055,1.2,1.1,NA,1.1,0.88,1,0.96,0.99,NA,0.99,0.69,0.9,1.4,1.1,NA,1.1,1.1,1.1,0.12,0.1,NA,0.1,0.3,0.93,0.28043478260869564,., , , ,.,,0.50592,FALSE
covidhgi2020B2v5alleur,Wuttke2019ckd,5e-8,FALSE,22,0,28.1,0.2238,0.00523,0.013,0.69,0.8553437454006813,0.009889435372081451,7.570640343926541e-4,TRUE,0,62.26,Chronic kidney disease,Diagnosis,"COVID: B2, EUR",Diagnosis,-0.012,0.045,NA,0.045,-0.051,-0.015,0.15,0.053,NA,0.058,0.1,0.08,0.99,1,NA,1,0.95,0.98,0.73,0.94,NA,0.93,0.78,0.84,1.3,1.2,NA,1.2,1.2,1.2,0.94,0.39,NA,0.45,0.62,0.85,0.6368354430379747, , , , , ,,0.2238,FALSE
covidhgi2020B2v5alleur,Wuttke2019egfr,5e-8,FALSE,195,0,206.3,0.2942,-3.42e-4,0.0038,0.93,0.9036834112556617,0.019250920306835003,0.005362316960341992,TRUE,0,74.62,eGFR,Health,"COVID: B2, EUR",Diagnosis,-0.048,-0.14,NA,-0.14,0.66,0.2,1.1,0.44,NA,0.45,1.6,0.68,0.95,0.87,NA,0.87,1.9,1.2,0.11,0.37,NA,0.36,0.084,0.32,8.2,2.1,NA,2.1,44,4.6,0.97,0.75,NA,0.76,0.68,0.77,0.8826315789473684, , , , , ,,0.2942,FALSE
covidhgi2020B2v5alleur,Yengo2018bmi,5e-8,FALSE,504,0,616,5.6e-4,0.00194,0.0027,0.47,0.8987035485292193,0.05346677579354122,0.017326138330916264,TRUE,0,76.73,BMI,Health,"COVID: B2, EUR",Diagnosis,0.26,0.37,NA,0.37,0.079,0.24,0.16,0.056,NA,0.062,0.18,0.1,1.3,1.4,NA,1.4,1.1,1.3,0.94,1.3,NA,1.3,0.77,1,1.8,1.6,NA,1.6,1.5,1.6,0.12,8.5e-11,NA,7.6e-9,0.65,0.019,1.0965000000000001e-8,***, ,*, ,***,,5.6e-4,TRUE
covidhgi2020C2v5alleur,Allen2020ipf,5e-8,FALSE,15,4,80.1,0.0011,0.0162,0.0073,0.046,0.9706741691101398,0.12382685286484957,3.0779270057524965e-4,TRUE,6.524823997011527e-300,124.96,Idiopathic pulmonary fibrosis,Diagnosis,"COVID: C2, EUR",Diagnosis,-0.021,0.012,0.03,0.012,-0.0068,-0.0034,0.019,0.0062,0.01,0.012,0.0088,0.0092,0.98,1,1,1,0.99,1,0.94,1,1,0.99,0.98,0.98,1,1,1.1,1,1,1,0.28,0.047,0.017,0.34,0.46,0.71,0.17558333333333334,*, , , , ,*,0.0011,FALSE
covidhgi2020C2v5alleur,Astel2016plt,5e-8,FALSE,213,0,220.5,0.3574,-0.00117,0.0014,0.41,0.952504888940199,0.12859575360832015,0.0012798305114859268,TRUE,0,117.02,Platelet count,Health,"COVID: C2, EUR",Diagnosis,0.03,0.007,NA,0.007,0.036,0.024,0.032,0.015,NA,0.016,0.038,0.026,1,1,NA,1,1,1,0.97,0.98,NA,0.98,0.96,0.97,1.1,1,NA,1,1.1,1.1,0.35,0.65,NA,0.65,0.34,0.36,0.8301980198019803, , , , , ,,0.3574,FALSE
covidhgi2020C2v5alleur,Astel2016rbc,5e-8,FALSE,173,1,319.1,<1e-04,5.74e-4,0.0021,0.78,0.9461154875862053,0.08560299733119305,0.001710122410466025,TRUE,0,101.51,Red blood cell count,Health,"COVID: C2, EUR",Diagnosis,-0.088,-0.075,-0.045,-0.075,0.0085,-0.05,0.053,0.019,0.019,0.025,0.041,0.032,0.92,0.93,0.96,0.93,1,0.95,0.83,0.89,0.92,0.88,0.93,0.89,1,0.96,0.99,0.97,1.1,1,0.096,5.7e-5,0.02,0.0031,0.84,0.12,0.00183825,***,., , ,**,*,1e-4,TRUE
covidhgi2020C2v5alleur,Astel2016wbc,5e-8,FALSE,161,1,303.4,<1e-04,0.0015,0.0023,0.52,0.9130035548841611,0.0710299041794107,0.001606520587537175,TRUE,0,78.92,White blood cell count,Health,"COVID: C2, EUR",Diagnosis,-0.054,-0.016,0.0036,-0.016,-0.046,-0.01,0.066,0.021,0.023,0.029,0.065,0.035,0.95,0.98,1,0.98,0.95,0.99,0.83,0.94,0.96,0.93,0.84,0.92,1.1,1,1.1,1,1.1,1.1,0.42,0.46,0.88,0.59,0.48,0.77,0.6981176470588235, , , , , , ,1e-4,FALSE
covidhgi2020C2v5alleur,Betham2015lupus,5e-8,FALSE,42,0,47,0.3281,-6.82e-4,0.0038,0.86,0.9291249497306665,0.2216556681990348,2.9144982463967533e-4,TRUE,0,111.76,Lupus,Diagnosis,"COVID: C2, EUR",Diagnosis,-0.011,-0.013,NA,-0.013,-0.0062,-0.0085,0.011,0.0047,NA,0.0049,0.011,0.0071,0.99,0.99,NA,0.99,0.99,0.99,0.97,0.98,NA,0.98,0.97,0.98,1,1,NA,1,1,1,0.31,0.0075,NA,0.014,0.58,0.23,0.06910714285714285,**, , , ,*,,0.3281,FALSE
covidhgi2020C2v5alleur,Dashti2019slepdur,5e-8,FALSE,66,0,78.1,0.1713,0.00265,0.0049,0.59,0.7580297423083777,0.006290257462793213,4.2456638519017617e-4,TRUE,8.989606673264251e-268,41.25,Sleep duration,Health,"COVID: C2, EUR",Diagnosis,-0.12,0.032,NA,0.032,0.029,0.045,0.29,0.071,NA,0.076,0.19,0.11,0.89,1,NA,1,1,1,0.5,0.9,NA,0.89,0.71,0.85,1.6,1.2,NA,1.2,1.5,1.3,0.68,0.65,NA,0.67,0.88,0.68,0.8301980198019803, , , , , ,,0.1713,FALSE
covidhgi2020C2v5alleur,Day2018sociso,5e-8,FALSE,15,0,17.3,0.3727,-0.00749,0.013,0.57,0,0.0012764604247813773,7.67311157268493e-5,TRUE,2.1247651513156364e-58,38.54,Social isolation,Neurpsychatric,"COVID: C2, EUR",Diagnosis,0.5,-0.02,NA,-0.02,0.031,0.031,0.89,0.17,NA,0.17,0.42,0.24,1.6,0.98,NA,0.98,1,1,0.28,0.71,NA,0.7,0.45,0.64,9.5,1.4,NA,1.4,2.4,1.7,0.59,0.9,NA,0.91,0.94,0.9,0.9597600000000001, , , , , ,,0.3727,FALSE
covidhgi2020C2v5alleur,Demontis2018adhd,5e-8,FALSE,9,0,13.9,0.2171,-0.0035,0.019,0.86,0,0.004043897471358367,5.841521851928689e-5,TRUE,3.7611978054468147e-37,35.2,ADHD,Neurpsychatric,"COVID: C2, EUR",Diagnosis,0.058,0.021,NA,0.021,0.092,0.061,0.21,0.035,NA,0.041,0.07,0.049,1.1,1,NA,1,1.1,1.1,0.71,0.95,NA,0.94,0.96,0.96,1.6,1.1,NA,1.1,1.3,1.2,0.79,0.56,NA,0.63,0.23,0.22,0.7685106382978725, , , , , ,,0.2171,FALSE
covidhgi2020C2v5alleur,Evangelou2018dbp,5e-8,FALSE,448,2,627.4,<4e-05,-6.76e-4,0.0013,0.61,0.9078132996247987,0.04818836018847411,0.003339015796663854,TRUE,0,82.69,Diastolic blood pressure,Health,"COVID: C2, EUR",Diagnosis,-8.4e-4,-0.0042,-0.0027,-0.0042,-0.012,-0.0047,0.0073,0.0025,0.0027,0.003,0.0091,0.0042,1,1,1,1,0.99,1,0.99,0.99,0.99,0.99,0.97,0.99,1,1,1,1,1,1,0.91,0.093,0.32,0.16,0.18,0.27,0.2726590909090909,., , , , , ,4e-5,FALSE
covidhgi2020C2v5alleur,Evangelou2018pp,5e-8,FALSE,392,0,413.9,0.22712,-0.00161,0.0013,0.2,0.8874058226117959,0.03941966818700167,0.0023467698306359574,TRUE,0,76.59,Pulse pressure,Health,"COVID: C2, EUR",Diagnosis,0.0057,-0.0013,NA,-0.0013,0.0086,0.0014,0.006,0.0023,NA,0.0024,0.0089,0.0039,1,1,NA,1,1,1,0.99,0.99,NA,0.99,0.99,0.99,1,1,NA,1,1,1,0.34,0.57,NA,0.58,0.33,0.71,0.7739999999999999, , , , , ,,0.22712,FALSE
covidhgi2020C2v5alleur,Evangelou2018sbp,5e-8,FALSE,435,0,500.1,0.0182,-0.0016,0.0013,0.2,0.8915358479026018,0.04516480907742114,0.002770118144735506,TRUE,0,78.11,Systolic blood pressure,Health,"COVID: C2, EUR",Diagnosis,0.0041,-7.1e-4,NA,-7.1e-4,-9.6e-4,-6e-4,0.0041,0.0015,NA,0.0016,0.0052,0.0024,1,1,NA,1,1,1,1,1,NA,1,0.99,0.99,1,1,NA,1,1,1,0.32,0.64,NA,0.66,0.85,0.8,0.8301980198019803, , , , , ,,0.0182,FALSE
covidhgi2020C2v5alleur,Grove2019asd,5e-6,FALSE,36,0,35.9,0.5202,-0.00238,0.0051,0.64,0,0.013074307895073953,1.957923034290585e-4,TRUE,8.864563964018365e-102,24.66,Autism spectrum disorder,Neurpsychatric,"COVID: C2, EUR",Diagnosis,0.0075,-0.017,NA,-0.017,0.012,0.0021,0.057,0.02,NA,0.02,0.061,0.028,1,0.98,NA,0.98,1,1,0.9,0.94,NA,0.95,0.9,0.95,1.1,1,NA,1,1.1,1.1,0.9,0.4,NA,0.4,0.84,0.94,0.645, , , , , ,,0.5202,FALSE
covidhgi2020C2v5alleur,Howard2018dep,5e-8,FALSE,14,1,33.7,0.0077,-0.0362,0.017,0.05,0,5.676406645635427e-5,1.696727318544727e-4,FALSE,0.004268577804428632,38.1,depression,Neurpsychatric,"COVID: C2, EUR",Diagnosis,3.6,-0.59,-0.83,-0.59,-1,-0.71,2,0.31,0.42,0.46,0.84,0.45,36,0.56,0.44,0.56,0.35,0.49,0.77,0.3,0.19,0.22,0.067,0.2,1700,1,0.99,1.4,1.8,1.2,0.093,0.056,0.071,0.22,0.24,0.12,0.1806,.,., , , ,.,0.0077,FALSE
covidhgi2020C2v5alleur,Jansen2018insom,5e-8,FALSE,13,0,24.4,0.0624,0.00607,0.011,0.59,0.2347981752636108,0.0010970778674235361,1.0739233731360643e-4,TRUE,2.503481123590702e-37,41.2,Insomnia symptoms,Neurpsychatric,"COVID: C2, EUR",Diagnosis,-0.083,0.069,NA,0.069,0.079,0.081,0.29,0.068,NA,0.09,0.18,0.1,0.92,1.1,NA,1.1,1.1,1.1,0.52,0.94,NA,0.9,0.76,0.89,1.6,1.2,NA,1.3,1.5,1.3,0.78,0.31,NA,0.45,0.67,0.42,0.5632394366197183, , , , , ,,0.0624,FALSE
covidhgi2020C2v5alleur,Klimentidis2018mvpa,5e-8,FALSE,21,0,39.9,0.0131,-1.9e-4,0.0097,0.98,0,0.0018996629573603224,2.1222419607126006e-4,TRUE,1.7488534835767263e-58,34.16,Moderate-to-vigorous PA,Behavioural,"COVID: C2, EUR",Diagnosis,-0.0039,-0.015,NA,-0.015,0.3,0.089,0.62,0.14,NA,0.18,0.39,0.21,1,0.98,NA,0.98,1.3,1.1,0.3,0.75,NA,0.69,0.63,0.73,3.3,1.3,NA,1.4,2.9,1.6,1,0.91,NA,0.93,0.45,0.67,0.9597600000000001, , , , , ,,0.0131,FALSE
covidhgi2020C2v5alleur,Kunkle2019load,5e-8,FALSE,20,0,16.5,0.8097,-0.00386,0.0032,0.24,0.9894095604593256,0.06920412152656641,7.653469682109782e-5,TRUE,0,192.67,Alzheimer's disease,Diagnosis,"COVID: C2, EUR",Diagnosis,0.022,0.012,NA,0.012,0.022,0.022,0.013,0.0097,NA,0.0074,0.011,0.011,1,1,NA,1,1,1,1,0.99,NA,1,1,1,1,1,NA,1,1,1,0.11,0.23,NA,0.13,0.069,0.054,0.4495454545454546, , ,.,., ,,0.8097,FALSE
covidhgi2020C2v5alleur,Lee2018educ,5e-8,FALSE,304,0,352.2,0.03128,0.00143,0.0023,0.53,0.5689413346230119,0.020008690301486658,0.0019248405059475123,TRUE,0,49.98,Educational attainment,Behavioural,"COVID: C2, EUR",Diagnosis,-0.2,-0.1,NA,-0.1,-0.17,-0.12,0.17,0.04,NA,0.043,0.22,0.06,0.81,0.9,NA,0.9,0.84,0.89,0.59,0.83,NA,0.83,0.55,0.79,1.1,0.97,NA,0.98,1.3,1,0.22,0.0086,NA,0.015,0.42,0.053,0.0693375,**, ,., ,*,,0.03128,FALSE
covidhgi2020C2v5alleur,Ligthart2018crp,5e-8,FALSE,47,1,206.5,<1e-04,0.0113,0.0044,0.015,0.984533890337409,0.031384369861443384,0.001029766037087672,TRUE,0,174.37,CRP,Health,"COVID: C2, EUR",Diagnosis,-0.11,0.025,0.0059,0.025,-0.035,-0.047,0.069,0.023,0.024,0.047,0.032,0.032,0.9,1,1,1,0.97,0.95,0.78,0.98,0.96,0.94,0.91,0.9,1,1.1,1.1,1.1,1,1,0.12,0.26,0.8,0.59,0.28,0.14,0.49323529411764705, , , , , , ,1e-4,FALSE
covidhgi2020C2v5alleur,Linner2019risk,5e-8,FALSE,26,0,41,0.0538,0.0126,0.0094,0.19,0.32329652616035603,0.00227464242881277,2.3259711130398537e-4,TRUE,8.592067319118855e-86,37.47,Risk tolerance,Neurpsychatric,"COVID: C2, EUR",Diagnosis,-0.6,0.27,NA,0.27,0.41,0.45,0.67,0.13,NA,0.16,0.26,0.19,0.55,1.3,NA,1.3,1.5,1.6,0.15,1,NA,0.96,0.9,1.1,2,1.7,NA,1.8,2.5,2.3,0.38,0.034,NA,0.099,0.13,0.017,0.16244444444444445,*, ,*, ,.,,0.0538,FALSE
covidhgi2020C2v5alleur,Liu2019drnkwk,5e-8,FALSE,36,1,60.9,0.02,0.00342,0.0031,0.27,0.9537186207313514,0.005066352145965237,3.004003790490673e-4,TRUE,5.909065642830396e-260,75.86,Alcohol consumption,Behavioural,"COVID: C2, EUR",Diagnosis,-0.089,0.033,0.083,0.033,-0.1,-0.097,0.14,0.076,0.077,0.095,0.11,0.11,0.92,1,1.1,1,0.9,0.91,0.69,0.89,0.93,0.86,0.73,0.73,1.2,1.2,1.3,1.2,1.1,1.1,0.54,0.67,0.29,0.73,0.33,0.37,0.8473529411764706, , , , , , ,0.02,FALSE
covidhgi2020C2v5alleur,Liu2019smkcpd,5e-8,FALSE,22,0,26.9,0.287,-0.00157,0.0041,0.7,0.9715955312673451,0.00854080350352074,1.4365509028629653e-4,TRUE,0,102.03,Cigarettes per day,Behavioural,"COVID: C2, EUR",Diagnosis,0.051,0.012,NA,0.012,0.021,-0.018,0.12,0.061,NA,0.068,0.082,0.082,1.1,1,NA,1,1,0.98,0.83,0.9,NA,0.89,0.87,0.84,1.3,1.1,NA,1.2,1.2,1.2,0.68,0.84,NA,0.86,0.8,0.82,0.9183050847457627, , , , , ,,0.287,FALSE
covidhgi2020C2v5alleur,Liu2019smkint,5e-8,FALSE,84,0,66.9,0.9211,0.00768,0.0049,0.12,0.20351880808948516,7.235703412050839e-4,3.948694248754512e-4,TRUE,1.852914712167665e-6,33.22,Smoking initiation,Behavioural,"COVID: C2, EUR",Diagnosis,-0.44,0.22,NA,0.22,-0.11,0.17,0.43,0.089,NA,0.079,0.31,0.13,0.65,1.2,NA,1.2,0.9,1.2,0.28,1,NA,1.1,0.48,0.92,1.5,1.5,NA,1.5,1.7,1.5,0.31,0.014,NA,0.0066,0.74,0.18,0.0903,*, , , ,**,,0.9211,FALSE
covidhgi2020C2v5alleur,Mahajan2018t2d,5e-8,FALSE,195,2,393.3,<1e-04,0.00686,0.0022,0.0018,0.9215687229591741,0.04769561218615285,0.0020329768481461316,TRUE,0,76.65,Diabetes,Diagnosis,"COVID: C2, EUR",Diagnosis,-0.079,0.015,0.01,0.015,-0.031,-0.0099,0.033,0.011,0.012,0.015,0.026,0.019,0.92,1,1,1,0.97,0.99,0.87,0.99,0.99,0.99,0.92,0.95,0.99,1,1,1,1,1,0.017,0.17,0.39,0.33,0.24,0.6,0.3655, ,*, , , , ,1e-4,FALSE
covidhgi2020C2v5alleur,Malik2018ais,5e-8,FALSE,9,3,136,<1e-04,0.00408,0.097,0.97,0,0.0028222355802586517,6.048118136580303e-4,TRUE,5.995417185558074e-64,40.83,Ischemic stroke,Diagnosis,"COVID: C2, EUR",Diagnosis,0.11,0.16,0.11,0.16,-0.0029,0.004,1.3,0.043,0.061,0.16,0.086,0.068,1.1,1.2,1.1,1.2,1,1,0.091,1.1,0.99,0.86,0.84,0.88,14,1.3,1.3,1.6,1.2,1.1,0.93,1.5e-4,0.13,0.33,0.97,0.95,0.0038699999999999997,***, , , , , ,1e-4,FALSE
covidhgi2020C2v5alleur,Mills2021afb,5e-8,FALSE,66,0,86.4,0.0574,-5.48e-4,0.0058,0.93,0,0.004772728878750288,4.821100253088692e-4,TRUE,3.406129787906104e-201,38.11,Age at first birth,Behavioural,"COVID: C2, EUR",Diagnosis,-0.02,-0.028,NA,-0.028,-0.12,-0.059,0.087,0.018,NA,0.02,0.059,0.028,0.98,0.97,NA,0.97,0.88,0.94,0.83,0.94,NA,0.93,0.79,0.89,1.2,1,NA,1,0.99,1,0.82,0.12,NA,0.17,0.038,0.033,0.2920754716981132, , ,*,*, ,,0.0574,FALSE
covidhgi2020C2v5alleur,Nalls2019pd,5e-8,FALSE,19,3,52.8,3e-4,5.21e-4,0.009,0.95,0.8111289979133175,0.02680533692503822,2.5450245420771054e-4,TRUE,0,57.92,Parkinsons disease,Diagnosis,"COVID: C2, EUR",Diagnosis,0.028,0.031,0.016,0.031,-0.013,0.0014,0.055,0.014,0.017,0.022,0.037,0.024,1,1,1,1,0.99,1,0.92,1,0.98,0.99,0.92,0.96,1.1,1.1,1.1,1.1,1.1,1,0.62,0.033,0.38,0.19,0.74,0.95,0.16244444444444445,*, , , , , ,3e-4,FALSE
covidhgi2020C2v5alleur,Nicolas2018als,5e-8,FALSE,6,1,27.2,0.0093,0.00589,0.026,0.83,0.7805521390937239,0.005148088959459541,1.4709219958531687e-4,TRUE,1.1412917824259346e-61,59.36,Amyotrophic lateral sclerosis,Diagnosis,"COVID: C2, EUR",Diagnosis,0.029,0.063,0.033,0.063,-0.014,0.015,0.17,0.033,0.058,0.065,0.052,0.047,1,1.1,1,1.1,0.99,1,0.74,1,0.92,0.94,0.89,0.92,1.4,1.1,1.2,1.2,1.1,1.1,0.87,0.054,0.6,0.38,0.8,0.76,0.1806,., , , , , ,0.0093,FALSE
covidhgi2020C2v5alleur,Nikpay2015cad,5e-8,FALSE,39,1,163.5,<1e-04,0.00848,0.0077,0.28,0.9042816238771167,0.017671996272093475,8.006589383067196e-4,TRUE,0,62.78,Coronary artery disease,Diagnosis,"COVID: C2, EUR",Diagnosis,-0.066,0.012,-0.012,0.012,-0.053,-0.039,0.079,0.017,0.019,0.034,0.029,0.026,0.94,1,0.99,1,0.95,0.96,0.8,0.98,0.95,0.95,0.9,0.91,1.1,1,1,1.1,1,1,0.41,0.48,0.54,0.73,0.079,0.13,0.72, , , ,., , ,1e-4,FALSE
covidhgi2020C2v5alleur,Okada2014rartis,5e-8,FALSE,44,0,37.4,0.7816,-7.52e-5,0.0024,0.98,0.9897438001995669,0.09397965860390138,2.3155166980240783e-4,TRUE,0,299.19,Rheumatoid arthritis,Diagnosis,"COVID: C2, EUR",Diagnosis,-0.014,-0.014,NA,-0.014,-0.0081,-0.0075,0.012,0.0073,NA,0.0067,0.011,0.011,0.99,0.99,NA,0.99,0.99,0.99,0.96,0.97,NA,0.97,0.97,0.97,1,1,NA,1,1,1,0.26,0.049,NA,0.036,0.44,0.5,0.17558333333333334,*, , , ,*,,0.7816,FALSE
covidhgi2020C2v5alleur,Olafsdottir2020asthma,5e-8,FALSE,84,0,91.4,0.3054,-4.36e-4,0.0028,0.88,0.8804176861606308,0.01752121280719254,5.22641145837996e-4,TRUE,0,68.53,Asthma,Diagnosis,"COVID: C2, EUR",Diagnosis,-0.03,-0.037,NA,-0.037,-0.074,-0.049,0.045,0.017,NA,0.018,0.043,0.027,0.97,0.96,NA,0.96,0.93,0.95,0.89,0.93,NA,0.93,0.85,0.9,1.1,1,NA,1,1,1,0.5,0.034,NA,0.044,0.084,0.07,0.16244444444444445,*, ,.,.,*,,0.3054,FALSE
covidhgi2020C2v5alleur,Patsopoulos2019multscler,5e-8,FALSE,70,0,88.7,0.0807,-3.87e-4,0.0022,0.86,0.9351613727340413,0.11704304966108163,4.7263459714826615e-4,TRUE,0,70.24,Multiple sclerosis,Diagnosis,"COVID: C2, EUR",Diagnosis,0.012,0.01,NA,0.01,0.014,0.016,0.013,0.0066,NA,0.0074,0.011,0.01,1,1,NA,1,1,1,0.99,1,NA,1,0.99,1,1,1,NA,1,1,1,0.34,0.11,NA,0.16,0.19,0.12,0.2895918367346939, , , , , ,,0.0807,FALSE
covidhgi2020C2v5alleur,Revez2020vit250hd,5e-8,FALSE,108,1,253.6,<1e-04,0.00202,0.0024,0.41,0.9798902144545132,0.02810466725657403,0.0013065022958336438,TRUE,0,142.03,25 hydroxyvitamin D,Health,"COVID: C2, EUR",Diagnosis,-0.072,-0.019,0.003,-0.019,-0.056,-0.032,0.083,0.034,0.04,0.052,0.049,0.058,0.93,0.98,1,0.98,0.95,0.97,0.79,0.92,0.93,0.89,0.86,0.86,1.1,1,1.1,1.1,1,1.1,0.39,0.59,0.94,0.72,0.25,0.58,0.7928124999999999, , , , , , ,1e-4,FALSE
covidhgi2020C2v5alleur,Ripke2014scz,5e-8,FALSE,79,0,91.1,0.189,-7.89e-6,0.0044,1,0.19629120709419642,0.03134944483534593,4.7526318009156614e-4,TRUE,0,43.37,Schizophrenia,Neurpsychatric,"COVID: C2, EUR",Diagnosis,-0.015,-0.015,NA,-0.015,0.012,0.0039,0.054,0.013,NA,0.014,0.043,0.02,0.98,0.98,NA,0.98,1,1,0.89,0.96,NA,0.96,0.93,0.97,1.1,1,NA,1,1.1,1,0.78,0.24,NA,0.27,0.78,0.84,0.46208955223880593, , , , , ,,0.189,FALSE
covidhgi2020C2v5alleur,Shah2020heartfailure,5e-8,FALSE,10,1,121.3,<1e-04,0.0236,0.032,0.49,0.1122255332051754,0.0024006278586506343,5.33416183785999e-4,TRUE,1.864629047830761e-92,41.42,Heart failure,Diagnosis,"COVID: C2, EUR",Diagnosis,-0.24,0.097,-0.054,0.097,-0.073,-0.079,0.49,0.051,0.042,0.17,0.075,0.069,0.79,1.1,0.95,1.1,0.93,0.92,0.3,1,0.87,0.79,0.8,0.81,2.1,1.2,1,1.5,1.1,1.1,0.64,0.056,0.23,0.58,0.35,0.25,0.1806,., , , , , ,1e-4,FALSE
covidhgi2020C2v5alleur,Stahl2019bip,5e-8,FALSE,12,0,4.7,0.9726,-0.00557,0.017,0.75,0,0.005962186465603182,2.754754465074506e-5,TRUE,1.0739492025091057e-58,33.6,Bipolar disorder,Neurpsychatric,"COVID: C2, EUR",Diagnosis,0.023,-0.037,NA,-0.037,-0.065,-0.059,0.19,0.031,NA,0.018,0.062,0.038,1,0.96,NA,0.96,0.94,0.94,0.71,0.91,NA,0.93,0.83,0.88,1.5,1,NA,1,1.1,1,0.91,0.22,NA,0.063,0.32,0.12,0.4434375, , , , ,.,,0.9726,FALSE
covidhgi2020C2v5alleur,Willer2013hdl,5e-8,FALSE,87,0,104.6,0.1147,7.4e-6,0.0019,1,0.9709446805206244,0.047931508151485766,5.443211915479397e-4,TRUE,0,127.83,High-density lipoproteins,Health,"COVID: C2, EUR",Diagnosis,-0.0069,-0.0068,NA,-0.0068,0.0047,-0.011,0.038,0.021,NA,0.023,0.03,0.034,0.99,0.99,NA,0.99,1,0.99,0.92,0.95,NA,0.95,0.95,0.92,1.1,1,NA,1,1.1,1.1,0.86,0.75,NA,0.77,0.87,0.75,0.8826315789473684, , , , , ,,0.1147,FALSE
covidhgi2020C2v5alleur,Willer2013ldl,5e-8,FALSE,78,1,169.1,<1e-04,4.3e-4,0.0025,0.86,0.9822240665701005,0.0558793848513732,8.173118358193554e-4,TRUE,0,171.55,Low-density lipoproteins,Health,"COVID: C2, EUR",Diagnosis,0.013,0.018,-0.0038,0.018,-0.0035,-0.0031,0.038,0.018,0.017,0.026,0.025,0.027,1,1,1,1,1,1,0.94,0.98,0.96,0.97,0.95,0.95,1.1,1.1,1,1.1,1,1.1,0.73,0.32,0.82,0.49,0.89,0.91,0.5654794520547946, , , , , , ,1e-4,FALSE
covidhgi2020C2v5alleur,Willer2013tc,5e-8,FALSE,86,2,190.9,<1e-04,3.35e-4,0.0026,0.9,0.9743040419882003,0.057489420940721465,9.361105874664406e-4,TRUE,0,146.88,Total cholesterol,Health,"COVID: C2, EUR",Diagnosis,0.027,0.032,0.014,0.032,0.024,0.034,0.045,0.019,0.018,0.028,0.029,0.032,1,1,1,1,1,1,0.94,1,0.98,0.98,0.97,0.97,1.1,1.1,1.1,1.1,1.1,1.1,0.54,0.09,0.42,0.25,0.41,0.28,0.2726590909090909,., , , , , ,1e-4,FALSE
covidhgi2020C2v5alleur,Willer2013tg,5e-8,FALSE,54,0,54.5,0.498,0.00341,0.0021,0.1,0.9802706685915126,0.04113978131343892,2.895388501003688e-4,TRUE,0,172.13,Triglycerides,Health,"COVID: C2, EUR",Diagnosis,-0.0043,0.052,NA,0.052,0.021,0.028,0.043,0.026,NA,0.026,0.037,0.039,1,1.1,NA,1.1,1,1,0.92,1,NA,1,0.95,0.95,1.1,1.1,NA,1.1,1.1,1.1,0.92,0.046,NA,0.05,0.56,0.47,0.17558333333333334,*, , , ,*,,0.498,FALSE
covidhgi2020C2v5alleur,Wood2014height,5e-8,FALSE,364,0,330,0.90744,-0.00173,0.0013,0.19,0.8978410281457327,0.11773469484951841,0.0018958015388338516,TRUE,0,87.56,Height,Health,"COVID: C2, EUR",Diagnosis,0.11,0.054,NA,0.054,0.08,0.065,0.043,0.016,NA,0.015,0.05,0.024,1.1,1.1,NA,1.1,1.1,1.1,1,1,NA,1,0.98,1,1.2,1.1,NA,1.1,1.2,1.1,0.015,8.9e-4,NA,5.3e-4,0.11,0.0072,0.012756666666666666,***,*,**, ,***,,0.90744,TRUE
covidhgi2020C2v5alleur,Wuttke2019ckd,5e-8,FALSE,22,0,15.6,0.8633,0.00451,0.0051,0.38,0.8631396737579573,0.009889435372081451,8.310453321741689e-5,TRUE,0,62.26,Chronic kidney disease,Diagnosis,"COVID: C2, EUR",Diagnosis,-0.068,-0.02,NA,-0.02,-0.039,-0.035,0.059,0.023,NA,0.019,0.042,0.033,0.93,0.98,NA,0.98,0.96,0.97,0.83,0.94,NA,0.94,0.89,0.9,1,1,NA,1,1,1,0.26,0.39,NA,0.3,0.35,0.29,0.6368354430379747, , , , , ,,0.8633,FALSE
covidhgi2020C2v5alleur,Wuttke2019egfr,5e-8,FALSE,195,0,227.8,0.0569,-0.00277,0.0018,0.12,0.9020205871856299,0.019250920306835003,0.0012272372384781046,TRUE,0,74.62,eGFR,Health,"COVID: C2, EUR",Diagnosis,0.79,0.056,NA,0.056,0.012,0.061,0.51,0.2,NA,0.21,0.47,0.3,2.2,1.1,NA,1.1,1,1.1,0.81,0.72,NA,0.7,0.4,0.59,6,1.6,NA,1.6,2.6,1.9,0.13,0.78,NA,0.79,0.98,0.84,0.8826315789473684, , , , , ,,0.0569,FALSE
covidhgi2020C2v5alleur,Yengo2018bmi,5e-8,FALSE,504,0,581.7,0.01084,-4.94e-4,0.0012,0.68,0.8946915083020273,0.05346677579354122,0.0032671022842688828,TRUE,0,76.73,BMI,Health,"COVID: C2, EUR",Diagnosis,0.16,0.13,NA,0.13,0.04,0.086,0.073,0.026,NA,0.027,0.083,0.046,1.2,1.1,NA,1.1,1,1.1,1,1.1,NA,1.1,0.89,1,1.3,1.2,NA,1.2,1.2,1.2,0.031,4.8e-7,NA,3.5e-6,0.63,0.061,3.0959999999999995e-5,***,*,., ,***,,0.01084,TRUE
